Finalidad,Finalidad_imagen,Cod. y Desc. Funcion,Cod. y Desc. Funcion_imagen,Mes,Devengado Anterior,Sancionado,Presupuestado,Comprometido,Devengado,Pagado,Leyenda_Fecha_Act,Cod. Ejercicio Presupuestario
1 - ADMINISTRACION GUBERNAMENTAL,paraque/administracion_gubernamental.svg,1 - Legislativa,paraque/legislativa.svg,1,"5749,7651613","6202,78248","6202,78248","2832,12714296","464,45599435","311,02255476",Última actualización del ejercicio 2015: 13 Diciembre 2015.,2015
1 - ADMINISTRACION GUBERNAMENTAL,paraque/administracion_gubernamental.svg,1 - Legislativa,paraque/legislativa.svg,2,"5749,7651613","6202,78248","6202,78248","3153,14148253","987,31860764","808,4928513",Última actualización del ejercicio 2015: 13 Diciembre 2015.,2015
1 - ADMINISTRACION GUBERNAMENTAL,paraque/administracion_gubernamental.svg,1 - Legislativa,paraque/legislativa.svg,3,"5749,7651613","6202,78248","6262,633561","3594,4475254","1455,14374767","1358,47556021",Última actualización del ejercicio 2015: 13 Diciembre 2015.,2015
1 - ADMINISTRACION GUBERNAMENTAL,paraque/administracion_gubernamental.svg,1 - Legislativa,paraque/legislativa.svg,4,"5749,7651613","6202,78248","6262,633561","3978,04730431","1962,31187503","1836,11090609",Última actualización del ejercicio 2015: 13 Diciembre 2015.,2015
1 - ADMINISTRACION GUBERNAMENTAL,paraque/administracion_gubernamental.svg,1 - Legislativa,paraque/legislativa.svg,5,"5749,7651613","6202,78248","6262,633561","4239,25524203","2469,16711689","2371,57079835",Última actualización del ejercicio 2015: 13 Diciembre 2015.,2015
1 - ADMINISTRACION GUBERNAMENTAL,paraque/administracion_gubernamental.svg,1 - Legislativa,paraque/legislativa.svg,6,"5749,7651613","6202,78248","6268,767561","4888,06700344","3632,22479694","3128,79066933",Última actualización del ejercicio 2015: 13 Diciembre 2015.,2015
1 - ADMINISTRACION GUBERNAMENTAL,paraque/administracion_gubernamental.svg,1 - Legislativa,paraque/legislativa.svg,7,"5749,7651613","6202,78248","6268,767561","5145,64387639","4294,18819861","4131,50788494",Última actualización del ejercicio 2015: 13 Diciembre 2015.,2015
1 - ADMINISTRACION GUBERNAMENTAL,paraque/administracion_gubernamental.svg,1 - Legislativa,paraque/legislativa.svg,8,"5749,7651613","6202,78248","6268,767561","5573,72459414","5016,33306753","4821,0193021",Última actualización del ejercicio 2015: 13 Diciembre 2015.,2015
1 - ADMINISTRACION GUBERNAMENTAL,paraque/administracion_gubernamental.svg,1 - Legislativa,paraque/legislativa.svg,9,"5749,7651613","6202,78248","6288,767561","6034,17751149","5693,14757995","5465,67447726",Última actualización del ejercicio 2015: 13 Diciembre 2015.,2015
1 - ADMINISTRACION GUBERNAMENTAL,paraque/administracion_gubernamental.svg,1 - Legislativa,paraque/legislativa.svg,10,"5749,7651613","6202,78248","6668,767561","6455,82725333","6390,78437828","6188,20946527",Última actualización del ejercicio 2015: 13 Diciembre 2015.,2015
1 - ADMINISTRACION GUBERNAMENTAL,paraque/administracion_gubernamental.svg,1 - Legislativa,paraque/legislativa.svg,11,"5749,7651613","6202,78248","8299,760106","7160,18136568","7106,97760793","6859,05377037",Última actualización del ejercicio 2015: 13 Diciembre 2015.,2015
1 - ADMINISTRACION GUBERNAMENTAL,paraque/administracion_gubernamental.svg,2 - Judicial,paraque/judicial.svg,1,"16162,57199659","19092,044635","19252,044635","1853,65204887","1233,67578913","389,02842278",Última actualización del ejercicio 2015: 13 Diciembre 2015.,2015
1 - ADMINISTRACION GUBERNAMENTAL,paraque/administracion_gubernamental.svg,2 - Judicial,paraque/judicial.svg,2,"16162,57199659","19092,044635","19442,044635","5466,58751932","2921,51926639","1301,75809377",Última actualización del ejercicio 2015: 13 Diciembre 2015.,2015
1 - ADMINISTRACION GUBERNAMENTAL,paraque/administracion_gubernamental.svg,2 - Judicial,paraque/judicial.svg,3,"16162,57199659","19092,044635","19438,944635","6803,78961468","4389,76648207","2482,817703",Última actualización del ejercicio 2015: 13 Diciembre 2015.,2015
1 - ADMINISTRACION GUBERNAMENTAL,paraque/administracion_gubernamental.svg,2 - Judicial,paraque/judicial.svg,4,"16162,57199659","19092,044635","19628,944635","8342,60938474","6158,38731137","4060,37297763",Última actualización del ejercicio 2015: 13 Diciembre 2015.,2015
1 - ADMINISTRACION GUBERNAMENTAL,paraque/administracion_gubernamental.svg,2 - Judicial,paraque/judicial.svg,5,"16162,57199659","19092,044635","19788,944635","9803,60781929","7764,85751058","5571,07388515",Última actualización del ejercicio 2015: 13 Diciembre 2015.,2015
1 - ADMINISTRACION GUBERNAMENTAL,paraque/administracion_gubernamental.svg,2 - Judicial,paraque/judicial.svg,6,"16162,57199659","19092,044635","19868,944635","12162,41842012","10430,97012015","7656,75171774",Última actualización del ejercicio 2015: 13 Diciembre 2015.,2015
1 - ADMINISTRACION GUBERNAMENTAL,paraque/administracion_gubernamental.svg,2 - Judicial,paraque/judicial.svg,7,"16162,57199659","19092,044635","19874,537589","13712,91266606","12206,00738658","9282,45303046",Última actualización del ejercicio 2015: 13 Diciembre 2015.,2015
1 - ADMINISTRACION GUBERNAMENTAL,paraque/administracion_gubernamental.svg,2 - Judicial,paraque/judicial.svg,8,"16162,57199659","19092,044635","19872,737589","15250,28147463","13982,45993489","11513,2151574",Última actualización del ejercicio 2015: 13 Diciembre 2015.,2015
1 - ADMINISTRACION GUBERNAMENTAL,paraque/administracion_gubernamental.svg,2 - Judicial,paraque/judicial.svg,9,"16162,57199659","19092,044635","20413,212519","16990,59975089","15832,71114606","13279,08798178",Última actualización del ejercicio 2015: 13 Diciembre 2015.,2015
1 - ADMINISTRACION GUBERNAMENTAL,paraque/administracion_gubernamental.svg,2 - Judicial,paraque/judicial.svg,10,"16162,57199659","19092,044635","20493,105119","18560,40230084","17687,60659038","14963,19813537",Última actualización del ejercicio 2015: 13 Diciembre 2015.,2015
1 - ADMINISTRACION GUBERNAMENTAL,paraque/administracion_gubernamental.svg,2 - Judicial,paraque/judicial.svg,11,"16162,57199659","19092,044635","22490,843454","20727,29255805","20047,64858499","16853,69308305",Última actualización del ejercicio 2015: 13 Diciembre 2015.,2015
1 - ADMINISTRACION GUBERNAMENTAL,paraque/administracion_gubernamental.svg,3 - Dirección Superior Ejecutiva,paraque/direccion_superior_ejecutiva.svg,1,"7865,63979368","8217,498242","8217,498242","1203,88573596","374,96029306","189,78987536",Última actualización del ejercicio 2015: 13 Diciembre 2015.,2015
1 - ADMINISTRACION GUBERNAMENTAL,paraque/administracion_gubernamental.svg,3 - Dirección Superior Ejecutiva,paraque/direccion_superior_ejecutiva.svg,2,"7865,63979368","8217,498242","8222,498242","1646,78182278","902,61915409","667,17220955",Última actualización del ejercicio 2015: 13 Diciembre 2015.,2015
1 - ADMINISTRACION GUBERNAMENTAL,paraque/administracion_gubernamental.svg,3 - Dirección Superior Ejecutiva,paraque/direccion_superior_ejecutiva.svg,3,"7865,63979368","8217,498242","8222,498242","2723,03830743","1793,79101982","1393,50034998",Última actualización del ejercicio 2015: 13 Diciembre 2015.,2015
1 - ADMINISTRACION GUBERNAMENTAL,paraque/administracion_gubernamental.svg,3 - Dirección Superior Ejecutiva,paraque/direccion_superior_ejecutiva.svg,4,"7865,63979368","8217,498242","8222,498242","3352,50359498","2476,69537228","2277,05473337",Última actualización del ejercicio 2015: 13 Diciembre 2015.,2015
1 - ADMINISTRACION GUBERNAMENTAL,paraque/administracion_gubernamental.svg,3 - Dirección Superior Ejecutiva,paraque/direccion_superior_ejecutiva.svg,5,"7865,63979368","8217,498242","9240,471978","3994,56412259","3221,13032804","3014,24860824",Última actualización del ejercicio 2015: 13 Diciembre 2015.,2015
1 - ADMINISTRACION GUBERNAMENTAL,paraque/administracion_gubernamental.svg,3 - Dirección Superior Ejecutiva,paraque/direccion_superior_ejecutiva.svg,6,"7865,63979368","8217,498242","9240,471978","5051,01823708","4432,04949815","3917,90999108",Última actualización del ejercicio 2015: 13 Diciembre 2015.,2015
1 - ADMINISTRACION GUBERNAMENTAL,paraque/administracion_gubernamental.svg,3 - Dirección Superior Ejecutiva,paraque/direccion_superior_ejecutiva.svg,7,"7865,63979368","8217,498242","9231,407539","5733,48178222","5111,52174814","4872,78478532",Última actualización del ejercicio 2015: 13 Diciembre 2015.,2015
1 - ADMINISTRACION GUBERNAMENTAL,paraque/administracion_gubernamental.svg,3 - Dirección Superior Ejecutiva,paraque/direccion_superior_ejecutiva.svg,8,"7865,63979368","8217,498242","9202,626304","6544,62983124","5927,54168053","5673,78324364",Última actualización del ejercicio 2015: 13 Diciembre 2015.,2015
1 - ADMINISTRACION GUBERNAMENTAL,paraque/administracion_gubernamental.svg,3 - Dirección Superior Ejecutiva,paraque/direccion_superior_ejecutiva.svg,9,"7865,63979368","8217,498242","9505,313931","7472,19801499","6960,21991548","6496,88028763",Última actualización del ejercicio 2015: 13 Diciembre 2015.,2015
1 - ADMINISTRACION GUBERNAMENTAL,paraque/administracion_gubernamental.svg,3 - Dirección Superior Ejecutiva,paraque/direccion_superior_ejecutiva.svg,10,"7865,63979368","8217,498242","11193,889078","8999,82732678","8457,18304182","7590,59547712",Última actualización del ejercicio 2015: 13 Diciembre 2015.,2015
1 - ADMINISTRACION GUBERNAMENTAL,paraque/administracion_gubernamental.svg,3 - Dirección Superior Ejecutiva,paraque/direccion_superior_ejecutiva.svg,11,"7865,63979368","8217,498242","11551,149172","9996,61329485","9574,01133855","9012,87104098",Última actualización del ejercicio 2015: 13 Diciembre 2015.,2015
1 - ADMINISTRACION GUBERNAMENTAL,paraque/administracion_gubernamental.svg,4 - Relaciones Exteriores,paraque/relaciones_exteriores.svg,1,"5885,49339685","8421,423358","8421,423358","270,16709749","229,64731469","178,55020514",Última actualización del ejercicio 2015: 13 Diciembre 2015.,2015
1 - ADMINISTRACION GUBERNAMENTAL,paraque/administracion_gubernamental.svg,4 - Relaciones Exteriores,paraque/relaciones_exteriores.svg,2,"5885,49339685","8421,423358","8421,423358","906,10624752","845,68386328","427,08243593",Última actualización del ejercicio 2015: 13 Diciembre 2015.,2015
1 - ADMINISTRACION GUBERNAMENTAL,paraque/administracion_gubernamental.svg,4 - Relaciones Exteriores,paraque/relaciones_exteriores.svg,3,"5885,49339685","8421,423358","8421,423358","3626,43097504","1383,11063864","1133,30379026",Última actualización del ejercicio 2015: 13 Diciembre 2015.,2015
1 - ADMINISTRACION GUBERNAMENTAL,paraque/administracion_gubernamental.svg,4 - Relaciones Exteriores,paraque/relaciones_exteriores.svg,4,"5885,49339685","8421,423358","8421,423358","3718,0973804","1710,46664778","1475,75973977",Última actualización del ejercicio 2015: 13 Diciembre 2015.,2015
1 - ADMINISTRACION GUBERNAMENTAL,paraque/administracion_gubernamental.svg,4 - Relaciones Exteriores,paraque/relaciones_exteriores.svg,5,"5885,49339685","8421,423358","8421,423358","3738,89390496","1974,04211998","1749,72387007",Última actualización del ejercicio 2015: 13 Diciembre 2015.,2015
1 - ADMINISTRACION GUBERNAMENTAL,paraque/administracion_gubernamental.svg,4 - Relaciones Exteriores,paraque/relaciones_exteriores.svg,6,"5885,49339685","8421,423358","8421,423358","4541,61855505","2800,89569859","2429,43121255",Última actualización del ejercicio 2015: 13 Diciembre 2015.,2015
1 - ADMINISTRACION GUBERNAMENTAL,paraque/administracion_gubernamental.svg,4 - Relaciones Exteriores,paraque/relaciones_exteriores.svg,7,"5885,49339685","8421,423358","8421,423358","4613,14951822","3142,5838895","2883,08625077",Última actualización del ejercicio 2015: 13 Diciembre 2015.,2015
1 - ADMINISTRACION GUBERNAMENTAL,paraque/administracion_gubernamental.svg,4 - Relaciones Exteriores,paraque/relaciones_exteriores.svg,8,"5885,49339685","8421,423358","8421,423358","5577,60026898","4355,82006952","3302,43071492",Última actualización del ejercicio 2015: 13 Diciembre 2015.,2015
1 - ADMINISTRACION GUBERNAMENTAL,paraque/administracion_gubernamental.svg,4 - Relaciones Exteriores,paraque/relaciones_exteriores.svg,9,"5885,49339685","8421,423358","8421,423358","6051,40074385","5030,63717996","4634,24149123",Última actualización del ejercicio 2015: 13 Diciembre 2015.,2015
1 - ADMINISTRACION GUBERNAMENTAL,paraque/administracion_gubernamental.svg,4 - Relaciones Exteriores,paraque/relaciones_exteriores.svg,10,"5885,49339685","8421,423358","8421,423358","6063,024071","5388,56184979","4926,35735909",Última actualización del ejercicio 2015: 13 Diciembre 2015.,2015
1 - ADMINISTRACION GUBERNAMENTAL,paraque/administracion_gubernamental.svg,4 - Relaciones Exteriores,paraque/relaciones_exteriores.svg,11,"5885,49339685","8421,423358","7728,847246","6142,07631125","5713,4359712","5443,98743294",Última actualización del ejercicio 2015: 13 Diciembre 2015.,2015
1 - ADMINISTRACION GUBERNAMENTAL,paraque/administracion_gubernamental.svg,5 - Relaciones Interiores,paraque/relaciones_interiores.svg,1,"20460,87611132","30594,544666","30594,544666","369,01009012","299,74863819","177,4255332",Última actualización del ejercicio 2015: 13 Diciembre 2015.,2015
1 - ADMINISTRACION GUBERNAMENTAL,paraque/administracion_gubernamental.svg,5 - Relaciones Interiores,paraque/relaciones_interiores.svg,2,"20460,87611132","30594,544666","30594,544042","1175,28783017","744,66381638","540,25323816",Última actualización del ejercicio 2015: 13 Diciembre 2015.,2015
1 - ADMINISTRACION GUBERNAMENTAL,paraque/administracion_gubernamental.svg,5 - Relaciones Interiores,paraque/relaciones_interiores.svg,3,"20460,87611132","30594,544666","30593,608642","2979,61445584","2592,52630691","2328,27225703",Última actualización del ejercicio 2015: 13 Diciembre 2015.,2015
1 - ADMINISTRACION GUBERNAMENTAL,paraque/administracion_gubernamental.svg,5 - Relaciones Interiores,paraque/relaciones_interiores.svg,4,"20460,87611132","30594,544666","30593,608642","4455,01558131","3957,94165181","3850,52319227",Última actualización del ejercicio 2015: 13 Diciembre 2015.,2015
1 - ADMINISTRACION GUBERNAMENTAL,paraque/administracion_gubernamental.svg,5 - Relaciones Interiores,paraque/relaciones_interiores.svg,5,"20460,87611132","30594,544666","30598,608642","5723,9753025","5231,06493441","4314,58754836",Última actualización del ejercicio 2015: 13 Diciembre 2015.,2015
1 - ADMINISTRACION GUBERNAMENTAL,paraque/administracion_gubernamental.svg,5 - Relaciones Interiores,paraque/relaciones_interiores.svg,6,"20460,87611132","30594,544666","30604,608642","10657,69773742","9985,81420042","9359,79780526",Última actualización del ejercicio 2015: 13 Diciembre 2015.,2015
1 - ADMINISTRACION GUBERNAMENTAL,paraque/administracion_gubernamental.svg,5 - Relaciones Interiores,paraque/relaciones_interiores.svg,7,"20460,87611132","30594,544666","30604,608642","12783,71071233","12248,64429419","11839,77292535",Última actualización del ejercicio 2015: 13 Diciembre 2015.,2015
1 - ADMINISTRACION GUBERNAMENTAL,paraque/administracion_gubernamental.svg,5 - Relaciones Interiores,paraque/relaciones_interiores.svg,8,"20460,87611132","30594,544666","30639,608642","14530,99849946","14089,64116686","13669,50440381",Última actualización del ejercicio 2015: 13 Diciembre 2015.,2015
1 - ADMINISTRACION GUBERNAMENTAL,paraque/administracion_gubernamental.svg,5 - Relaciones Interiores,paraque/relaciones_interiores.svg,9,"20460,87611132","30594,544666","31944,596242","19562,4757943","19268,70311579","18405,63796524",Última actualización del ejercicio 2015: 13 Diciembre 2015.,2015
1 - ADMINISTRACION GUBERNAMENTAL,paraque/administracion_gubernamental.svg,5 - Relaciones Interiores,paraque/relaciones_interiores.svg,10,"20460,87611132","30594,544666","32537,596242","21784,12035149","21200,64734953","20874,72952021",Última actualización del ejercicio 2015: 13 Diciembre 2015.,2015
1 - ADMINISTRACION GUBERNAMENTAL,paraque/administracion_gubernamental.svg,5 - Relaciones Interiores,paraque/relaciones_interiores.svg,11,"20460,87611132","30594,544666","33556,083071","23957,33339474","23673,32944214","22754,01277935",Última actualización del ejercicio 2015: 13 Diciembre 2015.,2015
1 - ADMINISTRACION GUBERNAMENTAL,paraque/administracion_gubernamental.svg,6 - Administración Fiscal,paraque/administracion_fiscal.svg,1,"2817,84390262","3223,494316","3223,494316","179,92155324","53,82215567","19,8637591",Última actualización del ejercicio 2015: 13 Diciembre 2015.,2015
1 - ADMINISTRACION GUBERNAMENTAL,paraque/administracion_gubernamental.svg,6 - Administración Fiscal,paraque/administracion_fiscal.svg,2,"2817,84390262","3223,494316","3218,49494","368,32443937","271,60741571","86,10407233",Última actualización del ejercicio 2015: 13 Diciembre 2015.,2015
1 - ADMINISTRACION GUBERNAMENTAL,paraque/administracion_gubernamental.svg,6 - Administración Fiscal,paraque/administracion_fiscal.svg,3,"2817,84390262","3223,494316","3218,49494","802,96054754","656,89438575","304,77765753",Última actualización del ejercicio 2015: 13 Diciembre 2015.,2015
1 - ADMINISTRACION GUBERNAMENTAL,paraque/administracion_gubernamental.svg,6 - Administración Fiscal,paraque/administracion_fiscal.svg,4,"2817,84390262","3223,494316","3218,49494","1065,59005234","886,38901389","543,04227902",Última actualización del ejercicio 2015: 13 Diciembre 2015.,2015
1 - ADMINISTRACION GUBERNAMENTAL,paraque/administracion_gubernamental.svg,6 - Administración Fiscal,paraque/administracion_fiscal.svg,5,"2817,84390262","3223,494316","3213,49494","1271,44743144","1106,97794544","760,30749986",Última actualización del ejercicio 2015: 13 Diciembre 2015.,2015
1 - ADMINISTRACION GUBERNAMENTAL,paraque/administracion_gubernamental.svg,6 - Administración Fiscal,paraque/administracion_fiscal.svg,6,"2817,84390262","3223,494316","3207,49494","1475,15916404","1370,14670257","983,72200724",Última actualización del ejercicio 2015: 13 Diciembre 2015.,2015
1 - ADMINISTRACION GUBERNAMENTAL,paraque/administracion_gubernamental.svg,6 - Administración Fiscal,paraque/administracion_fiscal.svg,7,"2817,84390262","3223,494316","3216,559379","1707,0051427","1601,21503336","1245,22506553",Última actualización del ejercicio 2015: 13 Diciembre 2015.,2015
1 - ADMINISTRACION GUBERNAMENTAL,paraque/administracion_gubernamental.svg,6 - Administración Fiscal,paraque/administracion_fiscal.svg,8,"2817,84390262","3223,494316","3181,559379","2003,39551471","1840,34292517","1480,55588446",Última actualización del ejercicio 2015: 13 Diciembre 2015.,2015
1 - ADMINISTRACION GUBERNAMENTAL,paraque/administracion_gubernamental.svg,6 - Administración Fiscal,paraque/administracion_fiscal.svg,9,"2817,84390262","3223,494316","3181,93118","2227,59200596","2114,22605059","1741,14400747",Última actualización del ejercicio 2015: 13 Diciembre 2015.,2015
1 - ADMINISTRACION GUBERNAMENTAL,paraque/administracion_gubernamental.svg,6 - Administración Fiscal,paraque/administracion_fiscal.svg,10,"2817,84390262","3223,494316","3246,000845","2506,94289029","2386,57862579","2007,44451487",Última actualización del ejercicio 2015: 13 Diciembre 2015.,2015
1 - ADMINISTRACION GUBERNAMENTAL,paraque/administracion_gubernamental.svg,6 - Administración Fiscal,paraque/administracion_fiscal.svg,11,"2817,84390262","3223,494316","3286,444845","2732,2056533","2661,36187047","2253,40236883",Última actualización del ejercicio 2015: 13 Diciembre 2015.,2015
1 - ADMINISTRACION GUBERNAMENTAL,paraque/administracion_gubernamental.svg,7 - Control de la Gestión Pública,paraque/control_de_la_gestion_publica.svg,1,"947,32072921","1114,245","1114,245","30,26486798","25,81493956","0,47917485",Última actualización del ejercicio 2015: 13 Diciembre 2015.,2015
1 - ADMINISTRACION GUBERNAMENTAL,paraque/administracion_gubernamental.svg,7 - Control de la Gestión Pública,paraque/control_de_la_gestion_publica.svg,2,"947,32072921","1114,245","1114,245","166,67162666","161,66521057","25,60224096",Última actualización del ejercicio 2015: 13 Diciembre 2015.,2015
1 - ADMINISTRACION GUBERNAMENTAL,paraque/administracion_gubernamental.svg,7 - Control de la Gestión Pública,paraque/control_de_la_gestion_publica.svg,3,"947,32072921","1114,245","1114,245","692,25455418","241,7033242","66,63114898",Última actualización del ejercicio 2015: 13 Diciembre 2015.,2015
1 - ADMINISTRACION GUBERNAMENTAL,paraque/administracion_gubernamental.svg,7 - Control de la Gestión Pública,paraque/control_de_la_gestion_publica.svg,4,"947,32072921","1114,245","1114,245","721,36517098","319,10433517","240,19896855",Última actualización del ejercicio 2015: 13 Diciembre 2015.,2015
1 - ADMINISTRACION GUBERNAMENTAL,paraque/administracion_gubernamental.svg,7 - Control de la Gestión Pública,paraque/control_de_la_gestion_publica.svg,5,"947,32072921","1114,245","1114,245","758,56333719","404,12386569","324,43238145",Última actualización del ejercicio 2015: 13 Diciembre 2015.,2015
1 - ADMINISTRACION GUBERNAMENTAL,paraque/administracion_gubernamental.svg,7 - Control de la Gestión Pública,paraque/control_de_la_gestion_publica.svg,6,"947,32072921","1114,245","1114,245","811,41627166","572,8187043","404,09325617",Última actualización del ejercicio 2015: 13 Diciembre 2015.,2015
1 - ADMINISTRACION GUBERNAMENTAL,paraque/administracion_gubernamental.svg,7 - Control de la Gestión Pública,paraque/control_de_la_gestion_publica.svg,7,"947,32072921","1114,245","1114,245","847,21803178","675,06857714","535,16011736",Última actualización del ejercicio 2015: 13 Diciembre 2015.,2015
1 - ADMINISTRACION GUBERNAMENTAL,paraque/administracion_gubernamental.svg,7 - Control de la Gestión Pública,paraque/control_de_la_gestion_publica.svg,8,"947,32072921","1114,245","1114,245","886,68763699","788,43305972","686,10141275",Última actualización del ejercicio 2015: 13 Diciembre 2015.,2015
1 - ADMINISTRACION GUBERNAMENTAL,paraque/administracion_gubernamental.svg,7 - Control de la Gestión Pública,paraque/control_de_la_gestion_publica.svg,9,"947,32072921","1114,245","1114,245","927,63155568","892,28891695","795,19541307",Última actualización del ejercicio 2015: 13 Diciembre 2015.,2015
1 - ADMINISTRACION GUBERNAMENTAL,paraque/administracion_gubernamental.svg,7 - Control de la Gestión Pública,paraque/control_de_la_gestion_publica.svg,10,"947,32072921","1114,245","1134,245","1024,65282444","1021,70743139","898,92229037",Última actualización del ejercicio 2015: 13 Diciembre 2015.,2015
1 - ADMINISTRACION GUBERNAMENTAL,paraque/administracion_gubernamental.svg,7 - Control de la Gestión Pública,paraque/control_de_la_gestion_publica.svg,11,"947,32072921","1114,245","1306,774","1129,57818179","1126,93719992","1019,93024442",Última actualización del ejercicio 2015: 13 Diciembre 2015.,2015
1 - ADMINISTRACION GUBERNAMENTAL,paraque/administracion_gubernamental.svg,8 - Información y Estadística Básicas,paraque/informacion_y_estadistica_basicas.svg,1,"489,93576786","698,031697","698,031697","119,01352535","35,93268146","21,34057471",Última actualización del ejercicio 2015: 13 Diciembre 2015.,2015
1 - ADMINISTRACION GUBERNAMENTAL,paraque/administracion_gubernamental.svg,8 - Información y Estadística Básicas,paraque/informacion_y_estadistica_basicas.svg,2,"489,93576786","698,031697","698,031697","132,62601859","74,35263061","58,56417542",Última actualización del ejercicio 2015: 13 Diciembre 2015.,2015
1 - ADMINISTRACION GUBERNAMENTAL,paraque/administracion_gubernamental.svg,8 - Información y Estadística Básicas,paraque/informacion_y_estadistica_basicas.svg,3,"489,93576786","698,031697","698,967097","367,66406072","111,22916289","97,90663018",Última actualización del ejercicio 2015: 13 Diciembre 2015.,2015
1 - ADMINISTRACION GUBERNAMENTAL,paraque/administracion_gubernamental.svg,8 - Información y Estadística Básicas,paraque/informacion_y_estadistica_basicas.svg,4,"489,93576786","698,031697","698,967097","371,55873247","146,45015845","133,60093397",Última actualización del ejercicio 2015: 13 Diciembre 2015.,2015
1 - ADMINISTRACION GUBERNAMENTAL,paraque/administracion_gubernamental.svg,8 - Información y Estadística Básicas,paraque/informacion_y_estadistica_basicas.svg,5,"489,93576786","698,031697","698,967097","374,21334361","184,33092334","172,43692702",Última actualización del ejercicio 2015: 13 Diciembre 2015.,2015
1 - ADMINISTRACION GUBERNAMENTAL,paraque/administracion_gubernamental.svg,8 - Información y Estadística Básicas,paraque/informacion_y_estadistica_basicas.svg,6,"489,93576786","698,031697","698,967097","480,58030888","242,7703887","210,56060011",Última actualización del ejercicio 2015: 13 Diciembre 2015.,2015
1 - ADMINISTRACION GUBERNAMENTAL,paraque/administracion_gubernamental.svg,8 - Información y Estadística Básicas,paraque/informacion_y_estadistica_basicas.svg,7,"489,93576786","698,031697","698,967097","484,87825783","285,59190987","272,76304581",Última actualización del ejercicio 2015: 13 Diciembre 2015.,2015
1 - ADMINISTRACION GUBERNAMENTAL,paraque/administracion_gubernamental.svg,8 - Información y Estadística Básicas,paraque/informacion_y_estadistica_basicas.svg,8,"489,93576786","698,031697","732,667097","519,04282567","360,3050199","336,25527241",Última actualización del ejercicio 2015: 13 Diciembre 2015.,2015
1 - ADMINISTRACION GUBERNAMENTAL,paraque/administracion_gubernamental.svg,8 - Información y Estadística Básicas,paraque/informacion_y_estadistica_basicas.svg,9,"489,93576786","698,031697","733,167097","552,68638607","434,41416442","418,00698223",Última actualización del ejercicio 2015: 13 Diciembre 2015.,2015
1 - ADMINISTRACION GUBERNAMENTAL,paraque/administracion_gubernamental.svg,8 - Información y Estadística Básicas,paraque/informacion_y_estadistica_basicas.svg,10,"489,93576786","698,031697","733,167097","565,29593097","482,63406349","466,60096533",Última actualización del ejercicio 2015: 13 Diciembre 2015.,2015
1 - ADMINISTRACION GUBERNAMENTAL,paraque/administracion_gubernamental.svg,8 - Información y Estadística Básicas,paraque/informacion_y_estadistica_basicas.svg,11,"489,93576786","698,031697","740,667097","616,33269444","558,54810239","540,6797902",Última actualización del ejercicio 2015: 13 Diciembre 2015.,2015
2 - SERVICIOS DE DEFENSA Y SEGURIDAD,paraque/servicios_de_defensa_y_seguridad.svg,1 - Defensa,paraque/defensa.svg,1,"22419,57106843","25266,551917","25266,551917","1770,98739626","1427,04596485","1110,56883021",Última actualización del ejercicio 2015: 13 Diciembre 2015.,2015
2 - SERVICIOS DE DEFENSA Y SEGURIDAD,paraque/servicios_de_defensa_y_seguridad.svg,1 - Defensa,paraque/defensa.svg,2,"22419,57106843","25266,551917","25266,551917","3467,95911318","3006,8482465","2560,89009535",Última actualización del ejercicio 2015: 13 Diciembre 2015.,2015
2 - SERVICIOS DE DEFENSA Y SEGURIDAD,paraque/servicios_de_defensa_y_seguridad.svg,1 - Defensa,paraque/defensa.svg,3,"22419,57106843","25266,551917","25266,551917","15025,66821409","5369,43698482","4231,13568355",Última actualización del ejercicio 2015: 13 Diciembre 2015.,2015
2 - SERVICIOS DE DEFENSA Y SEGURIDAD,paraque/servicios_de_defensa_y_seguridad.svg,1 - Defensa,paraque/defensa.svg,4,"22419,57106843","25266,551917","25266,551917","15511,06499992","6883,93532139","5952,31287665",Última actualización del ejercicio 2015: 13 Diciembre 2015.,2015
2 - SERVICIOS DE DEFENSA Y SEGURIDAD,paraque/servicios_de_defensa_y_seguridad.svg,1 - Defensa,paraque/defensa.svg,5,"22419,57106843","25266,551917","25266,551917","16159,32210352","8514,27176565","7833,8182418",Última actualización del ejercicio 2015: 13 Diciembre 2015.,2015
2 - SERVICIOS DE DEFENSA Y SEGURIDAD,paraque/servicios_de_defensa_y_seguridad.svg,1 - Defensa,paraque/defensa.svg,6,"22419,57106843","25266,551917","25266,551917","17789,09585022","11675,68234185","9949,98623071",Última actualización del ejercicio 2015: 13 Diciembre 2015.,2015
2 - SERVICIOS DE DEFENSA Y SEGURIDAD,paraque/servicios_de_defensa_y_seguridad.svg,1 - Defensa,paraque/defensa.svg,7,"22419,57106843","25266,551917","25266,551917","18377,85758512","13434,1615823","12688,54686812",Última actualización del ejercicio 2015: 13 Diciembre 2015.,2015
2 - SERVICIOS DE DEFENSA Y SEGURIDAD,paraque/servicios_de_defensa_y_seguridad.svg,1 - Defensa,paraque/defensa.svg,8,"22419,57106843","25266,551917","25266,551917","19205,57951987","15530,89843278","14887,50723522",Última actualización del ejercicio 2015: 13 Diciembre 2015.,2015
2 - SERVICIOS DE DEFENSA Y SEGURIDAD,paraque/servicios_de_defensa_y_seguridad.svg,1 - Defensa,paraque/defensa.svg,9,"22419,57106843","25266,551917","25266,551917","20783,92787892","18582,19653979","17123,19750376",Última actualización del ejercicio 2015: 13 Diciembre 2015.,2015
2 - SERVICIOS DE DEFENSA Y SEGURIDAD,paraque/servicios_de_defensa_y_seguridad.svg,1 - Defensa,paraque/defensa.svg,10,"22419,57106843","25266,551917","25744,662936","21948,53500933","20669,18612428","19768,08314397",Última actualización del ejercicio 2015: 13 Diciembre 2015.,2015
2 - SERVICIOS DE DEFENSA Y SEGURIDAD,paraque/servicios_de_defensa_y_seguridad.svg,1 - Defensa,paraque/defensa.svg,11,"22419,57106843","25266,551917","28005,685131","23437,82447356","22635,28771008","21945,42495713",Última actualización del ejercicio 2015: 13 Diciembre 2015.,2015
2 - SERVICIOS DE DEFENSA Y SEGURIDAD,paraque/servicios_de_defensa_y_seguridad.svg,2 - Seguridad Interior,paraque/seguridad_interior.svg,1,"32416,95480312","36600,954725","36600,954725","3302,03078363","2478,59709124","1923,75536152",Última actualización del ejercicio 2015: 13 Diciembre 2015.,2015
2 - SERVICIOS DE DEFENSA Y SEGURIDAD,paraque/servicios_de_defensa_y_seguridad.svg,2 - Seguridad Interior,paraque/seguridad_interior.svg,2,"32416,95480312","36600,954725","36600,954725","7314,25568843","5381,70904828","4712,28987588",Última actualización del ejercicio 2015: 13 Diciembre 2015.,2015
2 - SERVICIOS DE DEFENSA Y SEGURIDAD,paraque/servicios_de_defensa_y_seguridad.svg,2 - Seguridad Interior,paraque/seguridad_interior.svg,3,"32416,95480312","36600,954725","36600,954725","15887,67628664","8400,55927095","7540,50689044",Última actualización del ejercicio 2015: 13 Diciembre 2015.,2015
2 - SERVICIOS DE DEFENSA Y SEGURIDAD,paraque/servicios_de_defensa_y_seguridad.svg,2 - Seguridad Interior,paraque/seguridad_interior.svg,4,"32416,95480312","36600,954725","36600,954725","18410,73773619","11263,08235903","10066,37532718",Última actualización del ejercicio 2015: 13 Diciembre 2015.,2015
2 - SERVICIOS DE DEFENSA Y SEGURIDAD,paraque/servicios_de_defensa_y_seguridad.svg,2 - Seguridad Interior,paraque/seguridad_interior.svg,5,"32416,95480312","36600,954725","36600,954725","19773,35290315","14252,68149767","13569,53617784",Última actualización del ejercicio 2015: 13 Diciembre 2015.,2015
2 - SERVICIOS DE DEFENSA Y SEGURIDAD,paraque/servicios_de_defensa_y_seguridad.svg,2 - Seguridad Interior,paraque/seguridad_interior.svg,6,"32416,95480312","36600,954725","36600,954725","23288,71099345","19135,67215292","17074,67433025",Última actualización del ejercicio 2015: 13 Diciembre 2015.,2015
2 - SERVICIOS DE DEFENSA Y SEGURIDAD,paraque/servicios_de_defensa_y_seguridad.svg,2 - Seguridad Interior,paraque/seguridad_interior.svg,7,"32416,95480312","36600,954725","36613,113792","25382,26546519","22527,00232554","21719,50760977",Última actualización del ejercicio 2015: 13 Diciembre 2015.,2015
2 - SERVICIOS DE DEFENSA Y SEGURIDAD,paraque/servicios_de_defensa_y_seguridad.svg,2 - Seguridad Interior,paraque/seguridad_interior.svg,8,"32416,95480312","36600,954725","36617,307792","29386,51688062","25999,66031208","25131,27123716",Última actualización del ejercicio 2015: 13 Diciembre 2015.,2015
2 - SERVICIOS DE DEFENSA Y SEGURIDAD,paraque/servicios_de_defensa_y_seguridad.svg,2 - Seguridad Interior,paraque/seguridad_interior.svg,9,"32416,95480312","36600,954725","36730,359581","32186,82448781","29805,53896246","28732,54720034",Última actualización del ejercicio 2015: 13 Diciembre 2015.,2015
2 - SERVICIOS DE DEFENSA Y SEGURIDAD,paraque/servicios_de_defensa_y_seguridad.svg,2 - Seguridad Interior,paraque/seguridad_interior.svg,10,"32416,95480312","36600,954725","37294,940581","34333,00103585","32830,07560232","32076,56266146",Última actualización del ejercicio 2015: 13 Diciembre 2015.,2015
2 - SERVICIOS DE DEFENSA Y SEGURIDAD,paraque/servicios_de_defensa_y_seguridad.svg,2 - Seguridad Interior,paraque/seguridad_interior.svg,11,"32416,95480312","36600,954725","43820,747154","37779,2387193","36438,85357819","35616,7082416",Última actualización del ejercicio 2015: 13 Diciembre 2015.,2015
2 - SERVICIOS DE DEFENSA Y SEGURIDAD,paraque/servicios_de_defensa_y_seguridad.svg,3 - Sistema Penal,paraque/sistema_penal.svg,1,"4006,75228112","4701,84744","4701,84744","323,03887087","281,18844268","211,55485486",Última actualización del ejercicio 2015: 13 Diciembre 2015.,2015
2 - SERVICIOS DE DEFENSA Y SEGURIDAD,paraque/servicios_de_defensa_y_seguridad.svg,3 - Sistema Penal,paraque/sistema_penal.svg,2,"4006,75228112","4701,84744","4701,84744","731,28849295","659,4849177","552,74334447",Última actualización del ejercicio 2015: 13 Diciembre 2015.,2015
2 - SERVICIOS DE DEFENSA Y SEGURIDAD,paraque/servicios_de_defensa_y_seguridad.svg,3 - Sistema Penal,paraque/sistema_penal.svg,3,"4006,75228112","4701,84744","4701,84744","2471,93158899","1085,62920531","966,8356488",Última actualización del ejercicio 2015: 13 Diciembre 2015.,2015
2 - SERVICIOS DE DEFENSA Y SEGURIDAD,paraque/servicios_de_defensa_y_seguridad.svg,3 - Sistema Penal,paraque/sistema_penal.svg,4,"4006,75228112","4701,84744","4981,84744","2590,0868364","1457,69810281","1390,37987704",Última actualización del ejercicio 2015: 13 Diciembre 2015.,2015
2 - SERVICIOS DE DEFENSA Y SEGURIDAD,paraque/servicios_de_defensa_y_seguridad.svg,3 - Sistema Penal,paraque/sistema_penal.svg,5,"4006,75228112","4701,84744","4981,84744","2686,18701111","1841,16013243","1730,66002885",Última actualización del ejercicio 2015: 13 Diciembre 2015.,2015
2 - SERVICIOS DE DEFENSA Y SEGURIDAD,paraque/servicios_de_defensa_y_seguridad.svg,3 - Sistema Penal,paraque/sistema_penal.svg,6,"4006,75228112","4701,84744","4981,84744","2839,77994301","2479,42927365","2126,79228351",Última actualización del ejercicio 2015: 13 Diciembre 2015.,2015
2 - SERVICIOS DE DEFENSA Y SEGURIDAD,paraque/servicios_de_defensa_y_seguridad.svg,3 - Sistema Penal,paraque/sistema_penal.svg,7,"4006,75228112","4701,84744","4981,84744","3025,40825377","2938,24743933","2784,40084922",Última actualización del ejercicio 2015: 13 Diciembre 2015.,2015
2 - SERVICIOS DE DEFENSA Y SEGURIDAD,paraque/servicios_de_defensa_y_seguridad.svg,3 - Sistema Penal,paraque/sistema_penal.svg,8,"4006,75228112","4701,84744","4981,84744","3526,02161469","3407,63697073","3268,76424334",Última actualización del ejercicio 2015: 13 Diciembre 2015.,2015
2 - SERVICIOS DE DEFENSA Y SEGURIDAD,paraque/servicios_de_defensa_y_seguridad.svg,3 - Sistema Penal,paraque/sistema_penal.svg,9,"4006,75228112","4701,84744","5218,249656","4292,0282498","3943,21835285","3769,20972022",Última actualización del ejercicio 2015: 13 Diciembre 2015.,2015
2 - SERVICIOS DE DEFENSA Y SEGURIDAD,paraque/servicios_de_defensa_y_seguridad.svg,3 - Sistema Penal,paraque/sistema_penal.svg,10,"4006,75228112","4701,84744","5620,378629","4729,99648096","4454,26690969","4286,54049032",Última actualización del ejercicio 2015: 13 Diciembre 2015.,2015
2 - SERVICIOS DE DEFENSA Y SEGURIDAD,paraque/servicios_de_defensa_y_seguridad.svg,3 - Sistema Penal,paraque/sistema_penal.svg,11,"4006,75228112","4701,84744","6719,059897","5201,02172671","4978,9185458","4806,9161182",Última actualización del ejercicio 2015: 13 Diciembre 2015.,2015
2 - SERVICIOS DE DEFENSA Y SEGURIDAD,paraque/servicios_de_defensa_y_seguridad.svg,4 - Inteligencia,paraque/inteligencia.svg,1,"1270,50144035","1565,444917","2410,525153","209,13445167","184,28541026","174,32631163",Última actualización del ejercicio 2015: 13 Diciembre 2015.,2015
2 - SERVICIOS DE DEFENSA Y SEGURIDAD,paraque/servicios_de_defensa_y_seguridad.svg,4 - Inteligencia,paraque/inteligencia.svg,2,"1270,50144035","1565,444917","2410,525153","396,90623034","386,19180083","360,70466081",Última actualización del ejercicio 2015: 13 Diciembre 2015.,2015
2 - SERVICIOS DE DEFENSA Y SEGURIDAD,paraque/servicios_de_defensa_y_seguridad.svg,4 - Inteligencia,paraque/inteligencia.svg,3,"1270,50144035","1565,444917","2410,525153","1151,14618616","576,28768439","548,44703168",Última actualización del ejercicio 2015: 13 Diciembre 2015.,2015
2 - SERVICIOS DE DEFENSA Y SEGURIDAD,paraque/servicios_de_defensa_y_seguridad.svg,4 - Inteligencia,paraque/inteligencia.svg,4,"1270,50144035","1565,444917","2410,525153","1272,86583258","766,90741114","740,06293639",Última actualización del ejercicio 2015: 13 Diciembre 2015.,2015
2 - SERVICIOS DE DEFENSA Y SEGURIDAD,paraque/servicios_de_defensa_y_seguridad.svg,4 - Inteligencia,paraque/inteligencia.svg,5,"1270,50144035","1565,444917","2410,525153","1398,36169103","983,63190424","972,44538988",Última actualización del ejercicio 2015: 13 Diciembre 2015.,2015
2 - SERVICIOS DE DEFENSA Y SEGURIDAD,paraque/servicios_de_defensa_y_seguridad.svg,4 - Inteligencia,paraque/inteligencia.svg,6,"1270,50144035","1565,444917","2410,525153","1581,92856111","1295,71132773","1193,65313503",Última actualización del ejercicio 2015: 13 Diciembre 2015.,2015
2 - SERVICIOS DE DEFENSA Y SEGURIDAD,paraque/servicios_de_defensa_y_seguridad.svg,4 - Inteligencia,paraque/inteligencia.svg,7,"1270,50144035","1565,444917","2398,366086","1736,45204973","1545,83492673","1531,9035774",Última actualización del ejercicio 2015: 13 Diciembre 2015.,2015
2 - SERVICIOS DE DEFENSA Y SEGURIDAD,paraque/servicios_de_defensa_y_seguridad.svg,4 - Inteligencia,paraque/inteligencia.svg,8,"1270,50144035","1565,444917","2394,172086","1967,84464354","1820,92629392","1772,86787728",Última actualización del ejercicio 2015: 13 Diciembre 2015.,2015
2 - SERVICIOS DE DEFENSA Y SEGURIDAD,paraque/servicios_de_defensa_y_seguridad.svg,4 - Inteligencia,paraque/inteligencia.svg,9,"1270,50144035","1565,444917","2865,820297","2221,74029386","2130,80281126","2089,87948145",Última actualización del ejercicio 2015: 13 Diciembre 2015.,2015
2 - SERVICIOS DE DEFENSA Y SEGURIDAD,paraque/servicios_de_defensa_y_seguridad.svg,4 - Inteligencia,paraque/inteligencia.svg,10,"1270,50144035","1565,444917","2865,820297","2475,42650843","2445,79693642","2358,8201478",Última actualización del ejercicio 2015: 13 Diciembre 2015.,2015
2 - SERVICIOS DE DEFENSA Y SEGURIDAD,paraque/servicios_de_defensa_y_seguridad.svg,4 - Inteligencia,paraque/inteligencia.svg,11,"1270,50144035","1565,444917","3045,942702","2644,0664412","2632,83789521","2625,0529959",Última actualización del ejercicio 2015: 13 Diciembre 2015.,2015
3 - SERVICIOS SOCIALES,paraque/servicios_sociales.svg,1 - Salud,paraque/salud.svg,1,"39352,46832125","41158,547311","41158,547311","5187,0316004","2336,84389726","1349,37786015",Última actualización del ejercicio 2015: 13 Diciembre 2015.,2015
3 - SERVICIOS SOCIALES,paraque/servicios_sociales.svg,1 - Salud,paraque/salud.svg,2,"39352,46832125","41158,547311","41196,547311","8207,52899008","5632,71314723","4662,33934124",Última actualización del ejercicio 2015: 13 Diciembre 2015.,2015
3 - SERVICIOS SOCIALES,paraque/servicios_sociales.svg,1 - Salud,paraque/salud.svg,3,"39352,46832125","41158,547311","41192,547311","14459,5767576","9614,63614467","8035,37861176",Última actualización del ejercicio 2015: 13 Diciembre 2015.,2015
3 - SERVICIOS SOCIALES,paraque/servicios_sociales.svg,1 - Salud,paraque/salud.svg,4,"39352,46832125","41158,547311","41192,547311","18785,38073478","13014,46595054","11763,92209954",Última actualización del ejercicio 2015: 13 Diciembre 2015.,2015
3 - SERVICIOS SOCIALES,paraque/servicios_sociales.svg,1 - Salud,paraque/salud.svg,5,"39352,46832125","41158,547311","41157,547311","22214,17216804","16599,08617697","15280,02008627",Última actualización del ejercicio 2015: 13 Diciembre 2015.,2015
3 - SERVICIOS SOCIALES,paraque/servicios_sociales.svg,1 - Salud,paraque/salud.svg,6,"39352,46832125","41158,547311","43745,626879","28177,78225556","23442,43507261","20163,90149119",Última actualización del ejercicio 2015: 13 Diciembre 2015.,2015
3 - SERVICIOS SOCIALES,paraque/servicios_sociales.svg,1 - Salud,paraque/salud.svg,7,"39352,46832125","41158,547311","43745,626879","31863,60648497","27354,30448761","25268,81457501",Última actualización del ejercicio 2015: 13 Diciembre 2015.,2015
3 - SERVICIOS SOCIALES,paraque/servicios_sociales.svg,1 - Salud,paraque/salud.svg,8,"39352,46832125","41158,547311","43730,848879","35455,59157055","31256,47123395","29979,15100359",Última actualización del ejercicio 2015: 13 Diciembre 2015.,2015
3 - SERVICIOS SOCIALES,paraque/servicios_sociales.svg,1 - Salud,paraque/salud.svg,9,"39352,46832125","41158,547311","46531,333883","40231,70485","37074,07083489","34938,54109642",Última actualización del ejercicio 2015: 13 Diciembre 2015.,2015
3 - SERVICIOS SOCIALES,paraque/servicios_sociales.svg,1 - Salud,paraque/salud.svg,10,"39352,46832125","41158,547311","49808,761186","44537,1717863","41632,24210461","39694,85207125",Última actualización del ejercicio 2015: 13 Diciembre 2015.,2015
3 - SERVICIOS SOCIALES,paraque/servicios_sociales.svg,1 - Salud,paraque/salud.svg,11,"39352,46832125","41158,547311","57068,182395","48128,47024677","45593,72722289","43340,32373654",Última actualización del ejercicio 2015: 13 Diciembre 2015.,2015
3 - SERVICIOS SOCIALES,paraque/servicios_sociales.svg,2 - Promoción y Asistencia Social,paraque/promocion_y_asistencia_social.svg,1,"19256,77614179","18525,530994","18525,530994","911,27163235","850,84420517","502,39376864",Última actualización del ejercicio 2015: 13 Diciembre 2015.,2015
3 - SERVICIOS SOCIALES,paraque/servicios_sociales.svg,2 - Promoción y Asistencia Social,paraque/promocion_y_asistencia_social.svg,2,"19256,77614179","18525,530994","18525,530994","2401,68827609","2332,93836891","1844,97476217",Última actualización del ejercicio 2015: 13 Diciembre 2015.,2015
3 - SERVICIOS SOCIALES,paraque/servicios_sociales.svg,2 - Promoción y Asistencia Social,paraque/promocion_y_asistencia_social.svg,3,"19256,77614179","18525,530994","18453,530994","5122,65819605","4049,86566591","3160,38447839",Última actualización del ejercicio 2015: 13 Diciembre 2015.,2015
3 - SERVICIOS SOCIALES,paraque/servicios_sociales.svg,2 - Promoción y Asistencia Social,paraque/promocion_y_asistencia_social.svg,4,"19256,77614179","18525,530994","18413,530994","6652,67973355","5648,33292231","4904,76747852",Última actualización del ejercicio 2015: 13 Diciembre 2015.,2015
3 - SERVICIOS SOCIALES,paraque/servicios_sociales.svg,2 - Promoción y Asistencia Social,paraque/promocion_y_asistencia_social.svg,5,"19256,77614179","18525,530994","18443,538484","8122,72546642","7228,14500264","6757,95300928",Última actualización del ejercicio 2015: 13 Diciembre 2015.,2015
3 - SERVICIOS SOCIALES,paraque/servicios_sociales.svg,2 - Promoción y Asistencia Social,paraque/promocion_y_asistencia_social.svg,6,"19256,77614179","18525,530994","18500,538484","10319,21727474","9699,33215411","8464,3915234",Última actualización del ejercicio 2015: 13 Diciembre 2015.,2015
3 - SERVICIOS SOCIALES,paraque/servicios_sociales.svg,2 - Promoción y Asistencia Social,paraque/promocion_y_asistencia_social.svg,7,"19256,77614179","18525,530994","18520,538484","12091,48992819","11456,16117767","10619,33835515",Última actualización del ejercicio 2015: 13 Diciembre 2015.,2015
3 - SERVICIOS SOCIALES,paraque/servicios_sociales.svg,2 - Promoción y Asistencia Social,paraque/promocion_y_asistencia_social.svg,8,"19256,77614179","18525,530994","18483,992484","14033,05869915","13560,4763883","12761,1980303",Última actualización del ejercicio 2015: 13 Diciembre 2015.,2015
3 - SERVICIOS SOCIALES,paraque/servicios_sociales.svg,2 - Promoción y Asistencia Social,paraque/promocion_y_asistencia_social.svg,9,"19256,77614179","18525,530994","18735,332484","15635,07301577","15305,23660252","14536,48652988",Última actualización del ejercicio 2015: 13 Diciembre 2015.,2015
3 - SERVICIOS SOCIALES,paraque/servicios_sociales.svg,2 - Promoción y Asistencia Social,paraque/promocion_y_asistencia_social.svg,10,"19256,77614179","18525,530994","20666,205724","17175,29205738","16964,79462553","15965,2171126",Última actualización del ejercicio 2015: 13 Diciembre 2015.,2015
3 - SERVICIOS SOCIALES,paraque/servicios_sociales.svg,2 - Promoción y Asistencia Social,paraque/promocion_y_asistencia_social.svg,11,"19256,77614179","18525,530994","22854,653042","19274,1438903","19222,61204755","18518,43749937",Última actualización del ejercicio 2015: 13 Diciembre 2015.,2015
3 - SERVICIOS SOCIALES,paraque/servicios_sociales.svg,3 - Seguridad Social,paraque/seguridad_social.svg,1,"425979,9940148","512689,355108","512689,355108","37174,22781985","36913,13063076","8347,02402233",Última actualización del ejercicio 2015: 13 Diciembre 2015.,2015
3 - SERVICIOS SOCIALES,paraque/servicios_sociales.svg,3 - Seguridad Social,paraque/seguridad_social.svg,2,"425979,9940148","512689,355108","512689,355108","75948,60207701","57803,8777639","37695,28327974",Última actualización del ejercicio 2015: 13 Diciembre 2015.,2015
3 - SERVICIOS SOCIALES,paraque/servicios_sociales.svg,3 - Seguridad Social,paraque/seguridad_social.svg,3,"425979,9940148","512689,355108","512692,455108","122054,52959494","121486,89049481","52659,35554273",Última actualización del ejercicio 2015: 13 Diciembre 2015.,2015
3 - SERVICIOS SOCIALES,paraque/servicios_sociales.svg,3 - Seguridad Social,paraque/seguridad_social.svg,4,"425979,9940148","512689,355108","512722,455108","167591,97717343","166931,88138031","162544,22063925",Última actualización del ejercicio 2015: 13 Diciembre 2015.,2015
3 - SERVICIOS SOCIALES,paraque/servicios_sociales.svg,3 - Seguridad Social,paraque/seguridad_social.svg,5,"425979,9940148","512689,355108","512777,245021","212220,05784872","211553,44314366","207838,38847317",Última actualización del ejercicio 2015: 13 Diciembre 2015.,2015
3 - SERVICIOS SOCIALES,paraque/servicios_sociales.svg,3 - Seguridad Social,paraque/seguridad_social.svg,6,"425979,9940148","512689,355108","512777,245021","278880,85837469","278162,92667575","272622,85337617",Última actualización del ejercicio 2015: 13 Diciembre 2015.,2015
3 - SERVICIOS SOCIALES,paraque/servicios_sociales.svg,3 - Seguridad Social,paraque/seguridad_social.svg,7,"425979,9940148","512689,355108","512772,245021","326730,11966376","326267,53142692","320437,98649194",Última actualización del ejercicio 2015: 13 Diciembre 2015.,2015
3 - SERVICIOS SOCIALES,paraque/servicios_sociales.svg,3 - Seguridad Social,paraque/seguridad_social.svg,8,"425979,9940148","512689,355108","512783,045021","375406,00271391","374954,87474053","365730,1918031",Última actualización del ejercicio 2015: 13 Diciembre 2015.,2015
3 - SERVICIOS SOCIALES,paraque/servicios_sociales.svg,3 - Seguridad Social,paraque/seguridad_social.svg,9,"425979,9940148","512689,355108","526337,713768","429882,46804003","429318,45524952","426390,85369139",Última actualización del ejercicio 2015: 13 Diciembre 2015.,2015
3 - SERVICIOS SOCIALES,paraque/servicios_sociales.svg,3 - Seguridad Social,paraque/seguridad_social.svg,10,"425979,9940148","512689,355108","526912,795172","480575,02892719","480077,37240195","448627,83106689",Última actualización del ejercicio 2015: 13 Diciembre 2015.,2015
3 - SERVICIOS SOCIALES,paraque/servicios_sociales.svg,3 - Seguridad Social,paraque/seguridad_social.svg,11,"425979,9940148","512689,355108","600131,241225","509932,45774953","506038,34586214","483870,56502055",Última actualización del ejercicio 2015: 13 Diciembre 2015.,2015
3 - SERVICIOS SOCIALES,paraque/servicios_sociales.svg,4 - Educación y Cultura,paraque/educacion_y_cultura.svg,1,"70583,50244607","93048,966912","93048,966912","5883,02695825","4578,42606976","1246,83917766",Última actualización del ejercicio 2015: 13 Diciembre 2015.,2015
3 - SERVICIOS SOCIALES,paraque/servicios_sociales.svg,4 - Educación y Cultura,paraque/educacion_y_cultura.svg,2,"70583,50244607","93048,966912","93010,966912","12519,71694338","10433,56929508","6209,1055294",Última actualización del ejercicio 2015: 13 Diciembre 2015.,2015
3 - SERVICIOS SOCIALES,paraque/servicios_sociales.svg,4 - Educación y Cultura,paraque/educacion_y_cultura.svg,3,"70583,50244607","93048,966912","93082,966912","22951,35892409","18220,06058047","13130,09083426",Última actualización del ejercicio 2015: 13 Diciembre 2015.,2015
3 - SERVICIOS SOCIALES,paraque/servicios_sociales.svg,4 - Educación y Cultura,paraque/educacion_y_cultura.svg,4,"70583,50244607","93048,966912","93136,521867","28904,47397464","24231,56214935","19509,17675999",Última actualización del ejercicio 2015: 13 Diciembre 2015.,2015
3 - SERVICIOS SOCIALES,paraque/servicios_sociales.svg,4 - Educación y Cultura,paraque/educacion_y_cultura.svg,5,"70583,50244607","93048,966912","93379,466466","35252,00083492","30775,25982277","26136,8603718",Última actualización del ejercicio 2015: 13 Diciembre 2015.,2015
3 - SERVICIOS SOCIALES,paraque/servicios_sociales.svg,4 - Educación y Cultura,paraque/educacion_y_cultura.svg,6,"70583,50244607","93048,966912","93883,886898","44944,85372179","41031,34886358","33142,89509865",Última actualización del ejercicio 2015: 13 Diciembre 2015.,2015
3 - SERVICIOS SOCIALES,paraque/servicios_sociales.svg,4 - Educación y Cultura,paraque/educacion_y_cultura.svg,7,"70583,50244607","93048,966912","94038,603488","51968,54010121","48529,5177466","42119,90047077",Última actualización del ejercicio 2015: 13 Diciembre 2015.,2015
3 - SERVICIOS SOCIALES,paraque/servicios_sociales.svg,4 - Educación y Cultura,paraque/educacion_y_cultura.svg,8,"70583,50244607","93048,966912","93915,249872","60251,31501065","56478,07554534","48978,2882315",Última actualización del ejercicio 2015: 13 Diciembre 2015.,2015
3 - SERVICIOS SOCIALES,paraque/servicios_sociales.svg,4 - Educación y Cultura,paraque/educacion_y_cultura.svg,9,"70583,50244607","93048,966912","96813,765497","69054,99427239","67046,16194594","58608,67376101",Última actualización del ejercicio 2015: 13 Diciembre 2015.,2015
3 - SERVICIOS SOCIALES,paraque/servicios_sociales.svg,4 - Educación y Cultura,paraque/educacion_y_cultura.svg,10,"70583,50244607","93048,966912","95631,201172","76751,86817275","75122,44005172","68239,41659695",Última actualización del ejercicio 2015: 13 Diciembre 2015.,2015
3 - SERVICIOS SOCIALES,paraque/servicios_sociales.svg,4 - Educación y Cultura,paraque/educacion_y_cultura.svg,11,"70583,50244607","93048,966912","104743,581618","85254,76412021","84081,72684391","76068,41681693",Última actualización del ejercicio 2015: 13 Diciembre 2015.,2015
3 - SERVICIOS SOCIALES,paraque/servicios_sociales.svg,5 - Ciencia y Técnica,paraque/ciencia_y_tecnica.svg,1,"16217,77680164","18534,647432","18534,647432","1588,24333513","817,32254899","50,46452195",Última actualización del ejercicio 2015: 13 Diciembre 2015.,2015
3 - SERVICIOS SOCIALES,paraque/servicios_sociales.svg,5 - Ciencia y Técnica,paraque/ciencia_y_tecnica.svg,2,"16217,77680164","18534,647432","18534,647432","2839,73075095","1822,27185438","945,72203374",Última actualización del ejercicio 2015: 13 Diciembre 2015.,2015
3 - SERVICIOS SOCIALES,paraque/servicios_sociales.svg,5 - Ciencia y Técnica,paraque/ciencia_y_tecnica.svg,3,"16217,77680164","18534,647432","18540,678432","6241,71587295","3441,85170697","2208,921174",Última actualización del ejercicio 2015: 13 Diciembre 2015.,2015
3 - SERVICIOS SOCIALES,paraque/servicios_sociales.svg,5 - Ciencia y Técnica,paraque/ciencia_y_tecnica.svg,4,"16217,77680164","18534,647432","18540,678432","7576,99444129","4503,80359899","3841,18324253",Última actualización del ejercicio 2015: 13 Diciembre 2015.,2015
3 - SERVICIOS SOCIALES,paraque/servicios_sociales.svg,5 - Ciencia y Técnica,paraque/ciencia_y_tecnica.svg,5,"16217,77680164","18534,647432","18546,670942","8546,41184265","5877,06247521","4612,20852958",Última actualización del ejercicio 2015: 13 Diciembre 2015.,2015
3 - SERVICIOS SOCIALES,paraque/servicios_sociales.svg,5 - Ciencia y Técnica,paraque/ciencia_y_tecnica.svg,6,"16217,77680164","18534,647432","18543,347942","10485,80676119","8339,81153501","6056,55033206",Última actualización del ejercicio 2015: 13 Diciembre 2015.,2015
3 - SERVICIOS SOCIALES,paraque/servicios_sociales.svg,5 - Ciencia y Técnica,paraque/ciencia_y_tecnica.svg,7,"16217,77680164","18534,647432","18579,197942","11719,68484863","9742,36800598","8063,03656837",Última actualización del ejercicio 2015: 13 Diciembre 2015.,2015
3 - SERVICIOS SOCIALES,paraque/servicios_sociales.svg,5 - Ciencia y Técnica,paraque/ciencia_y_tecnica.svg,8,"16217,77680164","18534,647432","18739,956793","13190,91319555","11470,79503827","9819,41392394",Última actualización del ejercicio 2015: 13 Diciembre 2015.,2015
3 - SERVICIOS SOCIALES,paraque/servicios_sociales.svg,5 - Ciencia y Técnica,paraque/ciencia_y_tecnica.svg,9,"16217,77680164","18534,647432","19339,142173","14920,74377133","13643,57438629","11736,23214495",Última actualización del ejercicio 2015: 13 Diciembre 2015.,2015
3 - SERVICIOS SOCIALES,paraque/servicios_sociales.svg,5 - Ciencia y Técnica,paraque/ciencia_y_tecnica.svg,10,"16217,77680164","18534,647432","19750,158826","15958,13212404","15092,83658337","13434,68353233",Última actualización del ejercicio 2015: 13 Diciembre 2015.,2015
3 - SERVICIOS SOCIALES,paraque/servicios_sociales.svg,5 - Ciencia y Técnica,paraque/ciencia_y_tecnica.svg,11,"16217,77680164","18534,647432","22060,730768","17880,3296901","16922,01439094","15113,49016855",Última actualización del ejercicio 2015: 13 Diciembre 2015.,2015
3 - SERVICIOS SOCIALES,paraque/servicios_sociales.svg,6 - Trabajo,paraque/trabajo.svg,1,"4381,40371581","6012,229816","6012,229816","153,49862842","137,3880304","81,33641144",Última actualización del ejercicio 2015: 13 Diciembre 2015.,2015
3 - SERVICIOS SOCIALES,paraque/servicios_sociales.svg,6 - Trabajo,paraque/trabajo.svg,2,"4381,40371581","6012,229816","6012,229816","647,36005228","591,94022864","518,56327323",Última actualización del ejercicio 2015: 13 Diciembre 2015.,2015
3 - SERVICIOS SOCIALES,paraque/servicios_sociales.svg,6 - Trabajo,paraque/trabajo.svg,3,"4381,40371581","6012,229816","6012,229816","1665,91592874","1102,06253242","981,32950879",Última actualización del ejercicio 2015: 13 Diciembre 2015.,2015
3 - SERVICIOS SOCIALES,paraque/servicios_sociales.svg,6 - Trabajo,paraque/trabajo.svg,4,"4381,40371581","6012,229816","6012,229816","2066,91302636","1536,36917247","1471,51495065",Última actualización del ejercicio 2015: 13 Diciembre 2015.,2015
3 - SERVICIOS SOCIALES,paraque/servicios_sociales.svg,6 - Trabajo,paraque/trabajo.svg,5,"4381,40371581","6012,229816","6012,320016","2462,30444073","2022,23691449","1918,22823775",Última actualización del ejercicio 2015: 13 Diciembre 2015.,2015
3 - SERVICIOS SOCIALES,paraque/servicios_sociales.svg,6 - Trabajo,paraque/trabajo.svg,6,"4381,40371581","6012,229816","6012,320016","3013,77607056","2587,23366388","2410,75117893",Última actualización del ejercicio 2015: 13 Diciembre 2015.,2015
3 - SERVICIOS SOCIALES,paraque/servicios_sociales.svg,6 - Trabajo,paraque/trabajo.svg,7,"4381,40371581","6012,229816","6012,320016","3453,80980141","3117,66648679","3028,80772514",Última actualización del ejercicio 2015: 13 Diciembre 2015.,2015
3 - SERVICIOS SOCIALES,paraque/servicios_sociales.svg,6 - Trabajo,paraque/trabajo.svg,8,"4381,40371581","6012,229816","6012,320016","4010,47678365","3588,16645382","3514,64865892",Última actualización del ejercicio 2015: 13 Diciembre 2015.,2015
3 - SERVICIOS SOCIALES,paraque/servicios_sociales.svg,6 - Trabajo,paraque/trabajo.svg,9,"4381,40371581","6012,229816","7525,113074","4523,53524103","4262,59780378","4162,84935823",Última actualización del ejercicio 2015: 13 Diciembre 2015.,2015
3 - SERVICIOS SOCIALES,paraque/servicios_sociales.svg,6 - Trabajo,paraque/trabajo.svg,10,"4381,40371581","6012,229816","7572,263074","4851,69879068","4613,93273853","4539,53476652",Última actualización del ejercicio 2015: 13 Diciembre 2015.,2015
3 - SERVICIOS SOCIALES,paraque/servicios_sociales.svg,6 - Trabajo,paraque/trabajo.svg,11,"4381,40371581","6012,229816","7672,775402","5077,47016085","4825,75953304","4760,5577607",Última actualización del ejercicio 2015: 13 Diciembre 2015.,2015
3 - SERVICIOS SOCIALES,paraque/servicios_sociales.svg,7 - Vivienda y Urbanismo,paraque/vivienda_y_urbanismo.svg,1,"24890,66031541","28684,071275","28684,071275","546,96201753","282,44623679","142,01669716",Última actualización del ejercicio 2015: 13 Diciembre 2015.,2015
3 - SERVICIOS SOCIALES,paraque/servicios_sociales.svg,7 - Vivienda y Urbanismo,paraque/vivienda_y_urbanismo.svg,2,"24890,66031541","28684,071275","28684,071275","1994,3855846","1741,85101272","1478,06808434",Última actualización del ejercicio 2015: 13 Diciembre 2015.,2015
3 - SERVICIOS SOCIALES,paraque/servicios_sociales.svg,7 - Vivienda y Urbanismo,paraque/vivienda_y_urbanismo.svg,3,"24890,66031541","28684,071275","28682,040275","6431,5612706","6413,14315693","3192,36272333",Última actualización del ejercicio 2015: 13 Diciembre 2015.,2015
3 - SERVICIOS SOCIALES,paraque/servicios_sociales.svg,7 - Vivienda y Urbanismo,paraque/vivienda_y_urbanismo.svg,4,"24890,66031541","28684,071275","28682,440275","10443,13412416","10238,10805596","9322,25175957",Última actualización del ejercicio 2015: 13 Diciembre 2015.,2015
3 - SERVICIOS SOCIALES,paraque/servicios_sociales.svg,7 - Vivienda y Urbanismo,paraque/vivienda_y_urbanismo.svg,5,"24890,66031541","28684,071275","28748,940275","12522,11887561","12249,16146036","11458,69036406",Última actualización del ejercicio 2015: 13 Diciembre 2015.,2015
3 - SERVICIOS SOCIALES,paraque/servicios_sociales.svg,7 - Vivienda y Urbanismo,paraque/vivienda_y_urbanismo.svg,6,"24890,66031541","28684,071275","28755,213275","17484,3970265","17475,23551099","16682,02848434",Última actualización del ejercicio 2015: 13 Diciembre 2015.,2015
3 - SERVICIOS SOCIALES,paraque/servicios_sociales.svg,7 - Vivienda y Urbanismo,paraque/vivienda_y_urbanismo.svg,7,"24890,66031541","28684,071275","28905,356275","20334,36422415","19661,97761028","17980,30037182",Última actualización del ejercicio 2015: 13 Diciembre 2015.,2015
3 - SERVICIOS SOCIALES,paraque/servicios_sociales.svg,7 - Vivienda y Urbanismo,paraque/vivienda_y_urbanismo.svg,8,"24890,66031541","28684,071275","28903,898475","23226,94812469","22108,89062818","21039,45465391",Última actualización del ejercicio 2015: 13 Diciembre 2015.,2015
3 - SERVICIOS SOCIALES,paraque/servicios_sociales.svg,7 - Vivienda y Urbanismo,paraque/vivienda_y_urbanismo.svg,9,"24890,66031541","28684,071275","29403,748475","24686,95116714","24659,42696023","23334,15481842",Última actualización del ejercicio 2015: 13 Diciembre 2015.,2015
3 - SERVICIOS SOCIALES,paraque/servicios_sociales.svg,7 - Vivienda y Urbanismo,paraque/vivienda_y_urbanismo.svg,10,"24890,66031541","28684,071275","29435,245405","26883,1264419","25571,94198268","24801,78248208",Última actualización del ejercicio 2015: 13 Diciembre 2015.,2015
3 - SERVICIOS SOCIALES,paraque/servicios_sociales.svg,7 - Vivienda y Urbanismo,paraque/vivienda_y_urbanismo.svg,11,"24890,66031541","28684,071275","31651,472118","28206,96616871","28006,40449636","27085,80404313",Última actualización del ejercicio 2015: 13 Diciembre 2015.,2015
3 - SERVICIOS SOCIALES,paraque/servicios_sociales.svg,8 - Agua Potable y Alcantarillado,paraque/agua_potable_y_alcantarillado.svg,1,"14028,11789494","15501,658548","15501,658548","99,05776152","96,93204011","9,5293227",Última actualización del ejercicio 2015: 13 Diciembre 2015.,2015
3 - SERVICIOS SOCIALES,paraque/servicios_sociales.svg,8 - Agua Potable y Alcantarillado,paraque/agua_potable_y_alcantarillado.svg,2,"14028,11789494","15501,658548","15501,658548","1512,07009383","1518,16125514","984,85494363",Última actualización del ejercicio 2015: 13 Diciembre 2015.,2015
3 - SERVICIOS SOCIALES,paraque/servicios_sociales.svg,8 - Agua Potable y Alcantarillado,paraque/agua_potable_y_alcantarillado.svg,3,"14028,11789494","15501,658548","15501,658548","3010,48553606","3004,1550991","2451,49386782",Última actualización del ejercicio 2015: 13 Diciembre 2015.,2015
3 - SERVICIOS SOCIALES,paraque/servicios_sociales.svg,8 - Agua Potable y Alcantarillado,paraque/agua_potable_y_alcantarillado.svg,4,"14028,11789494","15501,658548","15457,703593","3916,25035607","3893,44274854","3730,23027705",Última actualización del ejercicio 2015: 13 Diciembre 2015.,2015
3 - SERVICIOS SOCIALES,paraque/servicios_sociales.svg,8 - Agua Potable y Alcantarillado,paraque/agua_potable_y_alcantarillado.svg,5,"14028,11789494","15501,658548","15397,703593","4909,34430888","4945,86277417","4774,35674524",Última actualización del ejercicio 2015: 13 Diciembre 2015.,2015
3 - SERVICIOS SOCIALES,paraque/servicios_sociales.svg,8 - Agua Potable y Alcantarillado,paraque/agua_potable_y_alcantarillado.svg,6,"14028,11789494","15501,658548","15395,253593","7419,81441208","7413,54388635","6438,67466672",Última actualización del ejercicio 2015: 13 Diciembre 2015.,2015
3 - SERVICIOS SOCIALES,paraque/servicios_sociales.svg,8 - Agua Potable y Alcantarillado,paraque/agua_potable_y_alcantarillado.svg,7,"14028,11789494","15501,658548","15039,544003","8385,10517349","8406,45249661","7538,69175361",Última actualización del ejercicio 2015: 13 Diciembre 2015.,2015
3 - SERVICIOS SOCIALES,paraque/servicios_sociales.svg,8 - Agua Potable y Alcantarillado,paraque/agua_potable_y_alcantarillado.svg,8,"14028,11789494","15501,658548","15041,001803","9331,88652114","9351,572244","8778,01230557",Última actualización del ejercicio 2015: 13 Diciembre 2015.,2015
3 - SERVICIOS SOCIALES,paraque/servicios_sociales.svg,8 - Agua Potable y Alcantarillado,paraque/agua_potable_y_alcantarillado.svg,9,"14028,11789494","15501,658548","15526,793108","11141,07415809","11132,78705318","10987,29644016",Última actualización del ejercicio 2015: 13 Diciembre 2015.,2015
3 - SERVICIOS SOCIALES,paraque/servicios_sociales.svg,8 - Agua Potable y Alcantarillado,paraque/agua_potable_y_alcantarillado.svg,10,"14028,11789494","15501,658548","15509,175642","12267,78374594","12232,9345881","12083,95251556",Última actualización del ejercicio 2015: 13 Diciembre 2015.,2015
3 - SERVICIOS SOCIALES,paraque/servicios_sociales.svg,8 - Agua Potable y Alcantarillado,paraque/agua_potable_y_alcantarillado.svg,11,"14028,11789494","15501,658548","15768,548403","13574,68675058","13578,77052878","13395,37210998",Última actualización del ejercicio 2015: 13 Diciembre 2015.,2015
4 - SERVICIOS ECONOMICOS,paraque/servicios_economicos.svg,"1 - Energía, Combustibles y Minería",paraque/energia_combustibles_y_mineria.svg,1,"203335,90606021","167625,091607","167625,091607","9098,62512378","7382,37688356","4778,53087698",Última actualización del ejercicio 2015: 13 Diciembre 2015.,2015
4 - SERVICIOS ECONOMICOS,paraque/servicios_economicos.svg,"1 - Energía, Combustibles y Minería",paraque/energia_combustibles_y_mineria.svg,2,"203335,90606021","167625,091607","167393,091607","21728,3167121","19172,64803914","14209,7487498",Última actualización del ejercicio 2015: 13 Diciembre 2015.,2015
4 - SERVICIOS ECONOMICOS,paraque/servicios_economicos.svg,"1 - Energía, Combustibles y Minería",paraque/energia_combustibles_y_mineria.svg,3,"203335,90606021","167625,091607","167120,501607","35544,652314","34656,11757087","23882,7022538",Última actualización del ejercicio 2015: 13 Diciembre 2015.,2015
4 - SERVICIOS ECONOMICOS,paraque/servicios_economicos.svg,"1 - Energía, Combustibles y Minería",paraque/energia_combustibles_y_mineria.svg,4,"203335,90606021","167625,091607","166737,118295","55071,98193893","48217,08406895","39354,48019319",Última actualización del ejercicio 2015: 13 Diciembre 2015.,2015
4 - SERVICIOS ECONOMICOS,paraque/servicios_economicos.svg,"1 - Energía, Combustibles y Minería",paraque/energia_combustibles_y_mineria.svg,5,"203335,90606021","167625,091607","166627,658295","71523,89846815","64161,11258771","53841,276634",Última actualización del ejercicio 2015: 13 Diciembre 2015.,2015
4 - SERVICIOS ECONOMICOS,paraque/servicios_economicos.svg,"1 - Energía, Combustibles y Minería",paraque/energia_combustibles_y_mineria.svg,6,"203335,90606021","167625,091607","166829,036295","82278,45771037","81883,99764274","71426,3548979",Última actualización del ejercicio 2015: 13 Diciembre 2015.,2015
4 - SERVICIOS ECONOMICOS,paraque/servicios_economicos.svg,"1 - Energía, Combustibles y Minería",paraque/energia_combustibles_y_mineria.svg,7,"203335,90606021","167625,091607","166762,177995","103033,19806447","100048,15132068","90369,38592084",Última actualización del ejercicio 2015: 13 Diciembre 2015.,2015
4 - SERVICIOS ECONOMICOS,paraque/servicios_economicos.svg,"1 - Energía, Combustibles y Minería",paraque/energia_combustibles_y_mineria.svg,8,"203335,90606021","167625,091607","166445,155495","116729,16008748","115707,97234593","108619,77282785",Última actualización del ejercicio 2015: 13 Diciembre 2015.,2015
4 - SERVICIOS ECONOMICOS,paraque/servicios_economicos.svg,"1 - Energía, Combustibles y Minería",paraque/energia_combustibles_y_mineria.svg,9,"203335,90606021","167625,091607","173235,209478","133907,29631928","133636,22503518","120911,67717331",Última actualización del ejercicio 2015: 13 Diciembre 2015.,2015
4 - SERVICIOS ECONOMICOS,paraque/servicios_economicos.svg,"1 - Energía, Combustibles y Minería",paraque/energia_combustibles_y_mineria.svg,10,"203335,90606021","167625,091607","173044,946111","142528,38753502","142126,36916282","137393,39224038",Última actualización del ejercicio 2015: 13 Diciembre 2015.,2015
4 - SERVICIOS ECONOMICOS,paraque/servicios_economicos.svg,"1 - Energía, Combustibles y Minería",paraque/energia_combustibles_y_mineria.svg,11,"203335,90606021","167625,091607","180123,96586","153626,73524243","152851,21495468","150106,30856083",Última actualización del ejercicio 2015: 13 Diciembre 2015.,2015
4 - SERVICIOS ECONOMICOS,paraque/servicios_economicos.svg,2 - Comunicaciones,paraque/comunicaciones.svg,1,"8637,99234559","9396,337346","9396,337346","307,03486032","256,01546807","8,04797547",Última actualización del ejercicio 2015: 13 Diciembre 2015.,2015
4 - SERVICIOS ECONOMICOS,paraque/servicios_economicos.svg,2 - Comunicaciones,paraque/comunicaciones.svg,2,"8637,99234559","9396,337346","9595,947346","1072,34788005","988,98680505","502,41432398",Última actualización del ejercicio 2015: 13 Diciembre 2015.,2015
4 - SERVICIOS ECONOMICOS,paraque/servicios_economicos.svg,2 - Comunicaciones,paraque/comunicaciones.svg,3,"8637,99234559","9396,337346","9808,537346","2334,01793752","1934,22546823","786,76906702",Última actualización del ejercicio 2015: 13 Diciembre 2015.,2015
4 - SERVICIOS ECONOMICOS,paraque/servicios_economicos.svg,2 - Comunicaciones,paraque/comunicaciones.svg,4,"8637,99234559","9396,337346","10110,467346","2612,72822008","2233,72488047","1258,43148114",Última actualización del ejercicio 2015: 13 Diciembre 2015.,2015
4 - SERVICIOS ECONOMICOS,paraque/servicios_economicos.svg,2 - Comunicaciones,paraque/comunicaciones.svg,5,"8637,99234559","9396,337346","10116,027346","3207,08308922","2852,8111477","1755,69216804",Última actualización del ejercicio 2015: 13 Diciembre 2015.,2015
4 - SERVICIOS ECONOMICOS,paraque/servicios_economicos.svg,2 - Comunicaciones,paraque/comunicaciones.svg,6,"8637,99234559","9396,337346","10023,314846","3848,12011525","3582,85622344","2467,95562222",Última actualización del ejercicio 2015: 13 Diciembre 2015.,2015
4 - SERVICIOS ECONOMICOS,paraque/servicios_economicos.svg,2 - Comunicaciones,paraque/comunicaciones.svg,7,"8637,99234559","9396,337346","10031,873146","4267,96298884","3985,23910954","3353,77032439",Última actualización del ejercicio 2015: 13 Diciembre 2015.,2015
4 - SERVICIOS ECONOMICOS,paraque/servicios_economicos.svg,2 - Comunicaciones,paraque/comunicaciones.svg,8,"8637,99234559","9396,337346","10249,175646","5091,60164539","4887,33465469","4241,4509437",Última actualización del ejercicio 2015: 13 Diciembre 2015.,2015
4 - SERVICIOS ECONOMICOS,paraque/servicios_economicos.svg,2 - Comunicaciones,paraque/comunicaciones.svg,9,"8637,99234559","9396,337346","10912,391305","6553,97663332","6379,8207043","5288,93929788",Última actualización del ejercicio 2015: 13 Diciembre 2015.,2015
4 - SERVICIOS ECONOMICOS,paraque/servicios_economicos.svg,2 - Comunicaciones,paraque/comunicaciones.svg,10,"8637,99234559","9396,337346","10514,227305","6921,14829489","6763,28876383","6413,14118012",Última actualización del ejercicio 2015: 13 Diciembre 2015.,2015
4 - SERVICIOS ECONOMICOS,paraque/servicios_economicos.svg,2 - Comunicaciones,paraque/comunicaciones.svg,11,"8637,99234559","9396,337346","11672,219241","8308,50493727","8122,83613987","7480,53603751",Última actualización del ejercicio 2015: 13 Diciembre 2015.,2015
4 - SERVICIOS ECONOMICOS,paraque/servicios_economicos.svg,3 - Transporte,paraque/transporte.svg,1,"75072,79385653","77786,910772","77786,910772","6659,52118554","5447,33274077","2441,49037434",Última actualización del ejercicio 2015: 13 Diciembre 2015.,2015
4 - SERVICIOS ECONOMICOS,paraque/servicios_economicos.svg,3 - Transporte,paraque/transporte.svg,2,"75072,79385653","77786,910772","77786,910772","13397,99282281","12205,24909955","9907,84412446",Última actualización del ejercicio 2015: 13 Diciembre 2015.,2015
4 - SERVICIOS ECONOMICOS,paraque/servicios_economicos.svg,3 - Transporte,paraque/transporte.svg,3,"75072,79385653","77786,910772","77786,910772","21459,63202258","20005,4596265","16861,79948971",Última actualización del ejercicio 2015: 13 Diciembre 2015.,2015
4 - SERVICIOS ECONOMICOS,paraque/servicios_economicos.svg,3 - Transporte,paraque/transporte.svg,4,"75072,79385653","77786,910772","77868,164084","27465,15610106","26207,58274195","24681,12646947",Última actualización del ejercicio 2015: 13 Diciembre 2015.,2015
4 - SERVICIOS ECONOMICOS,paraque/servicios_economicos.svg,3 - Transporte,paraque/transporte.svg,5,"75072,79385653","77786,910772","77971,164084","33665,32225999","32573,93850483","30310,88092774",Última actualización del ejercicio 2015: 13 Diciembre 2015.,2015
4 - SERVICIOS ECONOMICOS,paraque/servicios_economicos.svg,3 - Transporte,paraque/transporte.svg,6,"75072,79385653","77786,910772","77971,164084","41412,70554654","40544,15394501","36768,72271312",Última actualización del ejercicio 2015: 13 Diciembre 2015.,2015
4 - SERVICIOS ECONOMICOS,paraque/servicios_economicos.svg,3 - Transporte,paraque/transporte.svg,7,"75072,79385653","77786,910772","78011,225084","48932,99676434","48097,14066549","43157,28396025",Última actualización del ejercicio 2015: 13 Diciembre 2015.,2015
4 - SERVICIOS ECONOMICOS,paraque/servicios_economicos.svg,3 - Transporte,paraque/transporte.svg,8,"75072,79385653","77786,910772","78110,745084","54474,9634622","53921,68503547","50241,55014232",Última actualización del ejercicio 2015: 13 Diciembre 2015.,2015
4 - SERVICIOS ECONOMICOS,paraque/servicios_economicos.svg,3 - Transporte,paraque/transporte.svg,9,"75072,79385653","77786,910772","81070,06557","63487,76781459","63070,40671753","59135,04544243",Última actualización del ejercicio 2015: 13 Diciembre 2015.,2015
4 - SERVICIOS ECONOMICOS,paraque/servicios_economicos.svg,3 - Transporte,paraque/transporte.svg,10,"75072,79385653","77786,910772","84190,353853","70772,87151677","70568,95556009","67703,28165868",Última actualización del ejercicio 2015: 13 Diciembre 2015.,2015
4 - SERVICIOS ECONOMICOS,paraque/servicios_economicos.svg,3 - Transporte,paraque/transporte.svg,11,"75072,79385653","77786,910772","93165,731208","77096,88532291","76958,54144327","74475,44130009",Última actualización del ejercicio 2015: 13 Diciembre 2015.,2015
4 - SERVICIOS ECONOMICOS,paraque/servicios_economicos.svg,4 - Ecología y Medio Ambiente,paraque/ecologia_y_medio_ambiente.svg,1,"2892,18391156","3501,938928","3501,938928","187,93858295","163,58530926","18,02944202",Última actualización del ejercicio 2015: 13 Diciembre 2015.,2015
4 - SERVICIOS ECONOMICOS,paraque/servicios_economicos.svg,4 - Ecología y Medio Ambiente,paraque/ecologia_y_medio_ambiente.svg,2,"2892,18391156","3501,938928","3501,938928","646,74229257","436,56770479","103,27659282",Última actualización del ejercicio 2015: 13 Diciembre 2015.,2015
4 - SERVICIOS ECONOMICOS,paraque/servicios_economicos.svg,4 - Ecología y Medio Ambiente,paraque/ecologia_y_medio_ambiente.svg,3,"2892,18391156","3501,938928","3501,938928","845,09737573","615,88250501","277,62894627",Última actualización del ejercicio 2015: 13 Diciembre 2015.,2015
4 - SERVICIOS ECONOMICOS,paraque/servicios_economicos.svg,4 - Ecología y Medio Ambiente,paraque/ecologia_y_medio_ambiente.svg,4,"2892,18391156","3501,938928","3501,938928","1021,29785628","770,5659405","611,23880946",Última actualización del ejercicio 2015: 13 Diciembre 2015.,2015
4 - SERVICIOS ECONOMICOS,paraque/servicios_economicos.svg,4 - Ecología y Medio Ambiente,paraque/ecologia_y_medio_ambiente.svg,5,"2892,18391156","3501,938928","3501,938928","1153,90548985","954,6634255","766,28037136",Última actualización del ejercicio 2015: 13 Diciembre 2015.,2015
4 - SERVICIOS ECONOMICOS,paraque/servicios_economicos.svg,4 - Ecología y Medio Ambiente,paraque/ecologia_y_medio_ambiente.svg,6,"2892,18391156","3501,938928","3501,938928","1421,18078731","1275,75158959","1001,60238621",Última actualización del ejercicio 2015: 13 Diciembre 2015.,2015
4 - SERVICIOS ECONOMICOS,paraque/servicios_economicos.svg,4 - Ecología y Medio Ambiente,paraque/ecologia_y_medio_ambiente.svg,7,"2892,18391156","3501,938928","3501,938928","1481,99012465","1423,44287659","1202,12457977",Última actualización del ejercicio 2015: 13 Diciembre 2015.,2015
4 - SERVICIOS ECONOMICOS,paraque/servicios_economicos.svg,4 - Ecología y Medio Ambiente,paraque/ecologia_y_medio_ambiente.svg,8,"2892,18391156","3501,938928","3501,938928","1663,01499656","1577,9876708","1374,02134317",Última actualización del ejercicio 2015: 13 Diciembre 2015.,2015
4 - SERVICIOS ECONOMICOS,paraque/servicios_economicos.svg,4 - Ecología y Medio Ambiente,paraque/ecologia_y_medio_ambiente.svg,9,"2892,18391156","3501,938928","3501,938928","1879,79857368","1806,72801357","1605,86961398",Última actualización del ejercicio 2015: 13 Diciembre 2015.,2015
4 - SERVICIOS ECONOMICOS,paraque/servicios_economicos.svg,4 - Ecología y Medio Ambiente,paraque/ecologia_y_medio_ambiente.svg,10,"2892,18391156","3501,938928","4044,378928","2107,34661285","2030,4436985","1841,21506734",Última actualización del ejercicio 2015: 13 Diciembre 2015.,2015
4 - SERVICIOS ECONOMICOS,paraque/servicios_economicos.svg,4 - Ecología y Medio Ambiente,paraque/ecologia_y_medio_ambiente.svg,11,"2892,18391156","3501,938928","3969,49434","2683,98161419","2290,03999582","2097,72120801",Última actualización del ejercicio 2015: 13 Diciembre 2015.,2015
4 - SERVICIOS ECONOMICOS,paraque/servicios_economicos.svg,5 - Agricultura,paraque/agricultura.svg,1,"5301,02322671","6914,802336","6914,802336","919,04608578","191,2819547","35,76503903",Última actualización del ejercicio 2015: 13 Diciembre 2015.,2015
4 - SERVICIOS ECONOMICOS,paraque/servicios_economicos.svg,5 - Agricultura,paraque/agricultura.svg,2,"5301,02322671","6914,802336","6914,802336","1432,29240364","641,52206681","339,69560694",Última actualización del ejercicio 2015: 13 Diciembre 2015.,2015
4 - SERVICIOS ECONOMICOS,paraque/servicios_economicos.svg,5 - Agricultura,paraque/agricultura.svg,3,"5301,02322671","6914,802336","6974,802336","3163,29094614","1176,2377774","882,46198484",Última actualización del ejercicio 2015: 13 Diciembre 2015.,2015
4 - SERVICIOS ECONOMICOS,paraque/servicios_economicos.svg,5 - Agricultura,paraque/agricultura.svg,4,"5301,02322671","6914,802336","6974,802336","3435,43553744","1576,17314972","1399,78518996",Última actualización del ejercicio 2015: 13 Diciembre 2015.,2015
4 - SERVICIOS ECONOMICOS,paraque/servicios_economicos.svg,5 - Agricultura,paraque/agricultura.svg,5,"5301,02322671","6914,802336","6974,802336","3766,81423035","2016,84462618","1739,97802555",Última actualización del ejercicio 2015: 13 Diciembre 2015.,2015
4 - SERVICIOS ECONOMICOS,paraque/servicios_economicos.svg,5 - Agricultura,paraque/agricultura.svg,6,"5301,02322671","6914,802336","7188,922336","4269,34688325","2876,91943241","2302,48652511",Última actualización del ejercicio 2015: 13 Diciembre 2015.,2015
4 - SERVICIOS ECONOMICOS,paraque/servicios_economicos.svg,5 - Agricultura,paraque/agricultura.svg,7,"5301,02322671","6914,802336","7188,922336","4665,85190312","3427,28846089","3020,00178195",Última actualización del ejercicio 2015: 13 Diciembre 2015.,2015
4 - SERVICIOS ECONOMICOS,paraque/servicios_economicos.svg,5 - Agricultura,paraque/agricultura.svg,8,"5301,02322671","6914,802336","7188,922336","5125,27782642","4200,04513974","3845,81972715",Última actualización del ejercicio 2015: 13 Diciembre 2015.,2015
4 - SERVICIOS ECONOMICOS,paraque/servicios_economicos.svg,5 - Agricultura,paraque/agricultura.svg,9,"5301,02322671","6914,802336","7462,922336","5704,94904888","5014,73786521","4637,03695506",Última actualización del ejercicio 2015: 13 Diciembre 2015.,2015
4 - SERVICIOS ECONOMICOS,paraque/servicios_economicos.svg,5 - Agricultura,paraque/agricultura.svg,10,"5301,02322671","6914,802336","7462,922336","6160,53115711","5592,65622331","5290,87679518",Última actualización del ejercicio 2015: 13 Diciembre 2015.,2015
4 - SERVICIOS ECONOMICOS,paraque/servicios_economicos.svg,5 - Agricultura,paraque/agricultura.svg,11,"5301,02322671","6914,802336","7723,244098","6560,64604002","6188,50294903","5876,6048974",Última actualización del ejercicio 2015: 13 Diciembre 2015.,2015
4 - SERVICIOS ECONOMICOS,paraque/servicios_economicos.svg,6 - Industria,paraque/industria.svg,1,"3544,350464","5756,566128","5756,566128","862,1644536","150,69549005","32,87025759",Última actualización del ejercicio 2015: 13 Diciembre 2015.,2015
4 - SERVICIOS ECONOMICOS,paraque/servicios_economicos.svg,6 - Industria,paraque/industria.svg,2,"3544,350464","5756,566128","5756,566128","1064,56121019","333,5398556","200,69484448",Última actualización del ejercicio 2015: 13 Diciembre 2015.,2015
4 - SERVICIOS ECONOMICOS,paraque/servicios_economicos.svg,6 - Industria,paraque/industria.svg,3,"3544,350464","5756,566128","5756,566128","2073,48325296","1202,15395111","420,02933448",Última actualización del ejercicio 2015: 13 Diciembre 2015.,2015
4 - SERVICIOS ECONOMICOS,paraque/servicios_economicos.svg,6 - Industria,paraque/industria.svg,4,"3544,350464","5756,566128","5756,566128","2175,55608835","1399,03573737","965,61829956",Última actualización del ejercicio 2015: 13 Diciembre 2015.,2015
4 - SERVICIOS ECONOMICOS,paraque/servicios_economicos.svg,6 - Industria,paraque/industria.svg,5,"3544,350464","5756,566128","5756,566128","2804,46219353","1601,04794429","1454,7835898",Última actualización del ejercicio 2015: 13 Diciembre 2015.,2015
4 - SERVICIOS ECONOMICOS,paraque/servicios_economicos.svg,6 - Industria,paraque/industria.svg,6,"3544,350464","5756,566128","5756,566128","3244,64905469","2677,10940022","1844,69906052",Última actualización del ejercicio 2015: 13 Diciembre 2015.,2015
4 - SERVICIOS ECONOMICOS,paraque/servicios_economicos.svg,6 - Industria,paraque/industria.svg,7,"3544,350464","5756,566128","6084,566128","3758,22232883","3537,10668844","2947,42672848",Última actualización del ejercicio 2015: 13 Diciembre 2015.,2015
4 - SERVICIOS ECONOMICOS,paraque/servicios_economicos.svg,6 - Industria,paraque/industria.svg,8,"3544,350464","5756,566128","6084,566128","3850,15051046","3662,20127672","3074,41510135",Última actualización del ejercicio 2015: 13 Diciembre 2015.,2015
4 - SERVICIOS ECONOMICOS,paraque/servicios_economicos.svg,6 - Industria,paraque/industria.svg,9,"3544,350464","5756,566128","6157,006128","4931,11889271","4775,42687215","3651,80628644",Última actualización del ejercicio 2015: 13 Diciembre 2015.,2015
4 - SERVICIOS ECONOMICOS,paraque/servicios_economicos.svg,6 - Industria,paraque/industria.svg,10,"3544,350464","5756,566128","6330,006128","5126,241283","5013,37977","4205,85383129",Última actualización del ejercicio 2015: 13 Diciembre 2015.,2015
4 - SERVICIOS ECONOMICOS,paraque/servicios_economicos.svg,6 - Industria,paraque/industria.svg,11,"3544,350464","5756,566128","6647,403525","5812,59874353","5322,694605","4838,58220429",Última actualización del ejercicio 2015: 13 Diciembre 2015.,2015
4 - SERVICIOS ECONOMICOS,paraque/servicios_economicos.svg,"7 - Comercio, Turismo y Otros Servicios",paraque/comercio_turismo_y_otros_servicios.svg,1,"2090,13366369","3110,728686","3110,728686","215,8074395","63,13107501","49,65607379",Última actualización del ejercicio 2015: 13 Diciembre 2015.,2015
4 - SERVICIOS ECONOMICOS,paraque/servicios_economicos.svg,"7 - Comercio, Turismo y Otros Servicios",paraque/comercio_turismo_y_otros_servicios.svg,2,"2090,13366369","3110,728686","3143,118686","385,42294218","180,81226913","160,13676541",Última actualización del ejercicio 2015: 13 Diciembre 2015.,2015
4 - SERVICIOS ECONOMICOS,paraque/servicios_economicos.svg,"7 - Comercio, Turismo y Otros Servicios",paraque/comercio_turismo_y_otros_servicios.svg,3,"2090,13366369","3110,728686","3143,118686","606,59420343","356,86118284","313,71250513",Última actualización del ejercicio 2015: 13 Diciembre 2015.,2015
4 - SERVICIOS ECONOMICOS,paraque/servicios_economicos.svg,"7 - Comercio, Turismo y Otros Servicios",paraque/comercio_turismo_y_otros_servicios.svg,4,"2090,13366369","3110,728686","5643,318686","905,28423924","634,24656815","600,37282002",Última actualización del ejercicio 2015: 13 Diciembre 2015.,2015
4 - SERVICIOS ECONOMICOS,paraque/servicios_economicos.svg,"7 - Comercio, Turismo y Otros Servicios",paraque/comercio_turismo_y_otros_servicios.svg,5,"2090,13366369","3110,728686","5644,218686","1240,41591638","985,92377494","936,90531883",Última actualización del ejercicio 2015: 13 Diciembre 2015.,2015
4 - SERVICIOS ECONOMICOS,paraque/servicios_economicos.svg,"7 - Comercio, Turismo y Otros Servicios",paraque/comercio_turismo_y_otros_servicios.svg,6,"2090,13366369","3110,728686","5644,218686","1784,0940526","1484,84866378","1408,67376291",Última actualización del ejercicio 2015: 13 Diciembre 2015.,2015
4 - SERVICIOS ECONOMICOS,paraque/servicios_economicos.svg,"7 - Comercio, Turismo y Otros Servicios",paraque/comercio_turismo_y_otros_servicios.svg,7,"2090,13366369","3110,728686","5662,457686","2189,99284617","1918,76986748","1873,73288729",Última actualización del ejercicio 2015: 13 Diciembre 2015.,2015
4 - SERVICIOS ECONOMICOS,paraque/servicios_economicos.svg,"7 - Comercio, Turismo y Otros Servicios",paraque/comercio_turismo_y_otros_servicios.svg,8,"2090,13366369","3110,728686","5662,657686","2583,77682049","2310,02440931","2257,38277886",Última actualización del ejercicio 2015: 13 Diciembre 2015.,2015
4 - SERVICIOS ECONOMICOS,paraque/servicios_economicos.svg,"7 - Comercio, Turismo y Otros Servicios",paraque/comercio_turismo_y_otros_servicios.svg,9,"2090,13366369","3110,728686","5540,713112","3060,08343147","2872,2157696","2701,1761048",Última actualización del ejercicio 2015: 13 Diciembre 2015.,2015
4 - SERVICIOS ECONOMICOS,paraque/servicios_economicos.svg,"7 - Comercio, Turismo y Otros Servicios",paraque/comercio_turismo_y_otros_servicios.svg,10,"2090,13366369","3110,728686","5529,748112","3447,32600694","3259,99038999","3208,79266785",Última actualización del ejercicio 2015: 13 Diciembre 2015.,2015
4 - SERVICIOS ECONOMICOS,paraque/servicios_economicos.svg,"7 - Comercio, Turismo y Otros Servicios",paraque/comercio_turismo_y_otros_servicios.svg,11,"2090,13366369","3110,728686","4746,683046","3940,18719118","3790,20638237","3630,76707124",Última actualización del ejercicio 2015: 13 Diciembre 2015.,2015
4 - SERVICIOS ECONOMICOS,paraque/servicios_economicos.svg,8 - Seguros y Finanzas,paraque/seguros_y_finanzas.svg,1,"389,88096791","451,2114","451,2114","25,81361363","20,71122942","2,09660127",Última actualización del ejercicio 2015: 13 Diciembre 2015.,2015
4 - SERVICIOS ECONOMICOS,paraque/servicios_economicos.svg,8 - Seguros y Finanzas,paraque/seguros_y_finanzas.svg,2,"389,88096791","451,2114","451,2114","75,04311871","52,19293735","27,13021924",Última actualización del ejercicio 2015: 13 Diciembre 2015.,2015
4 - SERVICIOS ECONOMICOS,paraque/servicios_economicos.svg,8 - Seguros y Finanzas,paraque/seguros_y_finanzas.svg,3,"389,88096791","451,2114","451,2114","317,25569945","94,88921506","60,71812333",Última actualización del ejercicio 2015: 13 Diciembre 2015.,2015
4 - SERVICIOS ECONOMICOS,paraque/servicios_economicos.svg,8 - Seguros y Finanzas,paraque/seguros_y_finanzas.svg,4,"389,88096791","451,2114","451,2114","329,59451712","122,16677405","103,99373331",Última actualización del ejercicio 2015: 13 Diciembre 2015.,2015
4 - SERVICIOS ECONOMICOS,paraque/servicios_economicos.svg,8 - Seguros y Finanzas,paraque/seguros_y_finanzas.svg,5,"389,88096791","451,2114","451,2114","336,56107259","152,16924572","129,07031461",Última actualización del ejercicio 2015: 13 Diciembre 2015.,2015
4 - SERVICIOS ECONOMICOS,paraque/servicios_economicos.svg,8 - Seguros y Finanzas,paraque/seguros_y_finanzas.svg,6,"389,88096791","451,2114","451,2114","365,69834024","213,26780181","163,02174596",Última actualización del ejercicio 2015: 13 Diciembre 2015.,2015
4 - SERVICIOS ECONOMICOS,paraque/servicios_economicos.svg,8 - Seguros y Finanzas,paraque/seguros_y_finanzas.svg,7,"389,88096791","451,2114","451,2114","376,90498113","246,72268424","216,46212153",Última actualización del ejercicio 2015: 13 Diciembre 2015.,2015
4 - SERVICIOS ECONOMICOS,paraque/servicios_economicos.svg,8 - Seguros y Finanzas,paraque/seguros_y_finanzas.svg,8,"389,88096791","451,2114","451,2114","391,33915865","277,6381276","250,32416195",Última actualización del ejercicio 2015: 13 Diciembre 2015.,2015
4 - SERVICIOS ECONOMICOS,paraque/servicios_economicos.svg,8 - Seguros y Finanzas,paraque/seguros_y_finanzas.svg,9,"389,88096791","451,2114","489,4974","407,27223782","340,05984124","298,04620731",Última actualización del ejercicio 2015: 13 Diciembre 2015.,2015
4 - SERVICIOS ECONOMICOS,paraque/servicios_economicos.svg,8 - Seguros y Finanzas,paraque/seguros_y_finanzas.svg,10,"389,88096791","451,2114","489,4974","425,56152028","370,87095501","341,44486449",Última actualización del ejercicio 2015: 13 Diciembre 2015.,2015
4 - SERVICIOS ECONOMICOS,paraque/servicios_economicos.svg,8 - Seguros y Finanzas,paraque/seguros_y_finanzas.svg,11,"389,88096791","451,2114","690,4974","438,40036128","414,66309466","380,15253535",Última actualización del ejercicio 2015: 13 Diciembre 2015.,2015
5 - DEUDA PUBLICA,paraque/deuda_publica.svg,1 - Servicio de la Deuda Pública,paraque/servicio_de_la_deuda_publica.svg,1,"87015,36347005","96432,22146","96432,22146","14431,51562806","1148,56027706","597,70841925",Última actualización del ejercicio 2015: 13 Diciembre 2015.,2015
5 - DEUDA PUBLICA,paraque/deuda_publica.svg,1 - Servicio de la Deuda Pública,paraque/servicio_de_la_deuda_publica.svg,2,"87015,36347005","96432,22146","96432,22146","16121,87378384","5744,57966532","4872,30596985",Última actualización del ejercicio 2015: 13 Diciembre 2015.,2015
5 - DEUDA PUBLICA,paraque/deuda_publica.svg,1 - Servicio de la Deuda Pública,paraque/servicio_de_la_deuda_publica.svg,3,"87015,36347005","96432,22146","96432,22146","16242,49588399","15232,44330914","14889,43748079",Última actualización del ejercicio 2015: 13 Diciembre 2015.,2015
5 - DEUDA PUBLICA,paraque/deuda_publica.svg,1 - Servicio de la Deuda Pública,paraque/servicio_de_la_deuda_publica.svg,4,"87015,36347005","96432,22146","96432,22146","50171,25400558","22985,12311948","20877,03485247",Última actualización del ejercicio 2015: 13 Diciembre 2015.,2015
5 - DEUDA PUBLICA,paraque/deuda_publica.svg,1 - Servicio de la Deuda Pública,paraque/servicio_de_la_deuda_publica.svg,5,"87015,36347005","96432,22146","96432,22146","50280,53694811","30260,26986585","29693,60359971",Última actualización del ejercicio 2015: 13 Diciembre 2015.,2015
5 - DEUDA PUBLICA,paraque/deuda_publica.svg,1 - Servicio de la Deuda Pública,paraque/servicio_de_la_deuda_publica.svg,6,"87015,36347005","96432,22146","96432,22146","50389,7722332","49199,25249557","48746,23380014",Última actualización del ejercicio 2015: 13 Diciembre 2015.,2015
5 - DEUDA PUBLICA,paraque/deuda_publica.svg,1 - Servicio de la Deuda Pública,paraque/servicio_de_la_deuda_publica.svg,7,"87015,36347005","96432,22146","96432,22146","69770,67239173","52648,74097255","51007,27128796",Última actualización del ejercicio 2015: 13 Diciembre 2015.,2015
5 - DEUDA PUBLICA,paraque/deuda_publica.svg,1 - Servicio de la Deuda Pública,paraque/servicio_de_la_deuda_publica.svg,8,"87015,36347005","96432,22146","96432,22146","69959,24089967","55962,67449579","54802,38085076",Última actualización del ejercicio 2015: 13 Diciembre 2015.,2015
5 - DEUDA PUBLICA,paraque/deuda_publica.svg,1 - Servicio de la Deuda Pública,paraque/servicio_de_la_deuda_publica.svg,9,"87015,36347005","96432,22146","96433,52146","70299,51134692","70296,6529665","67829,73831385",Última actualización del ejercicio 2015: 13 Diciembre 2015.,2015
5 - DEUDA PUBLICA,paraque/deuda_publica.svg,1 - Servicio de la Deuda Pública,paraque/servicio_de_la_deuda_publica.svg,10,"87015,36347005","96432,22146","96953,52146","95565,30677165","77193,77350722","73803,31571192",Última actualización del ejercicio 2015: 13 Diciembre 2015.,2015
5 - DEUDA PUBLICA,paraque/deuda_publica.svg,1 - Servicio de la Deuda Pública,paraque/servicio_de_la_deuda_publica.svg,11,"87015,36347005","96432,22146","110341,906342","88011,31571045","82080,74356247","81810,25840768",Última actualización del ejercicio 2015: 13 Diciembre 2015.,2015